{"type":"FeatureCollection","features":[{"type":"Feature","geometry":{"type":"Polygon","coordinates":[[[-79.476395999958996,38.457159000288229],[-79.476318000141191,38.457136999986027],[-79.476082000139627,38.45707000014341],[-79.47600299959862,38.457047000214622],[-79.471323999575446,38.455719000056554],[-79.457284000031237,38.451732999892677],[-79.452604000183172,38.450404000017102],[-79.452230999914249,38.450298000278423],[-79.451654000329157,38.450133999791831],[-79.451111000180944,38.449980000128043],[-79.45073700008713,38.449873999766517],[-79.449971000356157,38.449657000067184],[-79.447674000089819,38.449005999868049],[-79.44761700018843,38.448990000271195],[-79.446970000283144,38.448805999727718],[-79.446908000358846,38.448787999955243],[-79.446870999650628,38.448778000001518],[-79.446759000395929,38.448745999999673],[-79.446720999862791,38.448735000325513],[-79.443944000095755,38.447946999991039],[-79.437032000278677,38.445986999843747],[-79.43560899969836,38.445583999885564],[-79.432831000106404,38.444796000322953],[-79.432636999937642,38.444742999872133],[-79.432056000154589,38.444582999921188],[-79.431861000160922,38.444530000017551],[-79.431846999917227,38.444526000222389],[-79.431807999559155,38.444505000062755],[-79.431788000365998,38.444508999859138],[-79.431734999764231,38.444492999968801],[-79.431575999755566,38.444443999799041],[-79.431523000052124,38.444427999894302],[-79.431255000263519,38.444351000347282],[-79.430731000381883,38.444198999858209],[-79.430450000174488,38.444118000249112],[-79.430182000385869,38.444040999667784],[-79.429929999592488,38.443969999799073],[-79.42980800029207,38.443936000213775],[-79.429171000432518,38.44375500020675],[-79.428938999730619,38.443697000069619],[-79.428917999814217,38.443683000272152],[-79.428672999591839,38.443614000326008],[-79.427935000348256,38.44340499981142],[-79.427689000300973,38.443334999810091],[-79.427114000365705,38.443172000177192],[-79.425715000074831,38.442775999967154],[-79.425387999836673,38.442682999773346],[-79.4248120000765,38.442519000274459],[-79.422928000262047,38.441990000320992],[-79.422862999964707,38.441972000255674],[-79.420431999804094,38.441292000051845],[-79.413140999870336,38.439250999857357],[-79.410709999709681,38.438570000199228],[-79.410406999760994,38.438484999772307],[-79.409908999818612,38.438345999868481],[-79.409497000089956,38.438230000002022],[-79.409224000278499,38.438154000036981],[-79.40919300031635,38.438145999739717],[-79.408901000238316,38.438063999808257],[-79.408532999992275,38.437960999830963],[-79.408144999654752,38.437854000245473],[-79.408024000179239,38.437820999756006],[-79.407984999821181,38.437809999824054],[-79.407766000436382,38.437749000234994],[-79.407732000101205,38.437740000025947],[-79.405832000393204,38.437207000030597],[-79.403059999750724,38.436429000042693],[-79.400133000195865,38.435609000254388],[-79.398231999764661,38.435076999910414],[-79.398216999696032,38.435070999783633],[-79.396705000325568,38.434651000226452],[-79.396556000362651,38.434608999784508],[-79.394444999869165,38.434021000179811],[-79.392123000386789,38.433368999753526],[-79.390595000224494,38.432940000043359],[-79.388718999907638,38.432415999965642],[-79.38449799964387,38.431237999742038],[-79.383089000205558,38.430844000138308],[-79.381212000063812,38.43031799968832],[-79.380457000203492,38.430107000140872],[-79.378190000074383,38.429472999928912],[-79.377434000389144,38.429261000039205],[-79.375973000173985,38.428853000345519],[-79.374752999983258,38.428512000135427],[-79.374156000306684,38.428341000131681],[-79.371592999901566,38.427611999980847],[-79.370131999686421,38.427197000029146],[-79.369869999745603,38.427126999793792],[-79.369482000306405,38.427023999696033],[-79.369081000448404,38.42691700008799],[-79.368817999784355,38.426847000284944],[-79.36744799980579,38.426483999956751],[-79.363338999695017,38.425394999988733],[-79.361967999891561,38.42503200010384],[-79.357346999594711,38.423807999845856],[-79.343485000325728,38.420134999783201],[-79.338864000028892,38.418910000167358],[-79.338668000210305,38.418857999844114],[-79.3386249996543,38.418846999838628],[-79.337908000327118,38.418656999799296],[-79.337668000127607,38.418592999821719],[-79.337607000028228,38.41857699981847],[-79.337366999828717,38.418512999769959],[-79.336523000279939,38.418288999857658],[-79.33646300000548,38.418272999787078],[-79.336160999881699,38.418193000084841],[-79.335725999688506,38.418077999653818],[-79.33441799963424,38.417730999789654],[-79.333981999616142,38.417614999885238],[-79.333035999960117,38.417364000206923],[-79.330197000268797,38.416611000162661],[-79.329249999889527,38.416359999811533],[-79.328982999925827,38.416285999678962],[-79.328180000384947,38.416063000067119],[-79.327911999698031,38.415989000334207],[-79.327427000174438,38.415855000206449],[-79.325970999982161,38.41545200026794],[-79.325484999735366,38.415316999670665],[-79.325449999575241,38.415308000184957],[-79.325343000343437,38.415278999957565],[-79.325307000358436,38.415269000289065],[-79.323590999875151,38.414821000065146],[-79.318438000199066,38.413476000120021],[-79.316720000065942,38.413026999831395],[-79.316525999897209,38.412975999706809],[-79.312648999590024,38.411971000052048],[-79.312276000219427,38.41187599985183],[-79.312210999922101,38.411893000156184],[-79.311676999994731,38.412029000335167],[-79.311352000304709,38.41223200025555],[-79.311133000021599,38.412403999901201],[-79.311047999632791,38.412470999676962],[-79.310762000300826,38.412627999759046],[-79.31053799999485,38.412676000191318],[-79.310283999551629,38.412730999972844],[-79.309716000187365,38.412682000067122],[-79.309512999797775,38.412676999701389],[-79.308920000319162,38.412745999650021],[-79.308730000348362,38.412845000256965],[-79.30789099992414,38.41329400026877],[-79.30721100040688,38.413864999870015],[-79.306669000083602,38.414489000061558],[-79.306392000074169,38.414933999684415],[-79.306228999867542,38.415074999970663],[-79.305705999810812,38.415240000045998],[-79.305551000000122,38.415289000328542],[-79.30522999960975,38.41536199989779],[-79.304837999972577,38.41545200026794],[-79.30458100005464,38.415511000043139],[-79.303832000042107,38.415456000266161],[-79.302512000292253,38.415360000248015],[-79.301065000320804,38.414871000111567],[-79.30068799985392,38.414812999998176],[-79.300085000329574,38.414891000261214],[-79.299650000136381,38.415119000168367],[-79.299234000209779,38.41535200024078],[-79.298901000123863,38.415692999940731],[-79.298732999894355,38.415842000107268],[-79.298412000402308,38.415938999653761],[-79.29772500031406,38.416420999873317],[-79.297689000329044,38.416445999699199],[-79.297635999727277,38.416568999786108],[-79.297609999788008,38.416629000216048],[-79.297587000221796,38.41667499978459],[-79.297516999901603,38.416812999722254],[-79.297387000205262,38.417038000141709],[-79.297381000357476,38.417047000115716],[-79.29726900020448,38.417214999660132],[-79.297239999892156,38.417257999811667],[-79.296664999956889,38.417913999866919],[-79.296613000078366,38.417972999742972],[-79.296490000054703,38.418089999915424],[-79.296352999787374,38.418198000068834],[-79.296326000023171,38.418215999726762],[-79.296235999611497,38.418277000332949],[-79.296110999938023,38.418349000266794],[-79.296013000028736,38.4183630000501],[-79.295915000119436,38.418364000185328],[-79.29581700021015,38.418349999698371],[-79.295725000148636,38.418322000124064],[-79.295622000216483,38.418250000163319],[-79.295544000398678,38.418265000102409],[-79.293916999603866,38.41856199994416],[-79.293664999708781,38.418682000259047],[-79.293413999638602,38.419009000070197],[-79.293200000276684,38.419317000307885],[-79.29306200018442,38.419456000245596],[-79.292898000152888,38.419564999883093],[-79.292006000025211,38.419736000255014],[-79.291891000397484,38.419856000027316],[-79.291760999802818,38.420001000307373],[-79.291669999566238,38.420102000344997],[-79.291503999884881,38.420299000158472],[-79.291493999839147,38.420311000051143],[-79.291358000295006,38.420471999708788],[-79.291313999914081,38.420519999856353],[-79.29102799968382,38.420830000188111],[-79.290968000307672,38.420890999994576],[-79.290955999713802,38.4209029997889],[-79.290933999972495,38.42092599997563],[-79.290858999629421,38.420979999712081],[-79.290780999811602,38.421015999748583],[-79.290694999597875,38.421037999801086],[-79.290605999909431,38.421045999882551],[-79.29057199957424,38.421049000176758],[-79.290373000280937,38.421042000193836],[-79.288450000108398,38.420965999732182],[-79.286906999877502,38.42056599976263],[-79.286301999804991,38.419931000135712],[-79.286039000039281,38.419666999943729],[-79.285623999937556,38.419249999842386],[-79.283504999946459,38.418048999834454],[-79.283218999716212,38.418028999855167],[-79.282940000056954,38.418099999897315],[-79.28031300007774,38.420360999817099],[-79.280149999871114,38.420748999696279],[-79.280051999961827,38.421329999736052],[-79.279872000036775,38.423273999689251],[-79.279682999890881,38.423733000244077],[-79.279692000111723,38.424211000323304],[-79.280010999953944,38.425285999999787],[-79.28026600022207,38.425480000343775],[-79.280282000115577,38.425492000079501],[-79.280299999658936,38.425651000084336],[-79.280302000207087,38.425659999689039],[-79.280339999841914,38.425837999929712],[-79.280373000352185,38.425947999819613],[-79.280523999964927,38.426296999672743],[-79.280795999951479,38.426867999951511],[-79.280903999906513,38.427050000089856],[-79.280965999830798,38.42713899995961],[-79.281026999930162,38.427226999707123],[-79.281081000356849,38.427294999822443],[-79.281277000175422,38.427485999669415],[-79.281457999925394,38.427686999777066],[-79.281760999874081,38.428060999699888],[-79.281915999684799,38.428277000289569],[-79.282056000325198,38.428499000202862],[-79.282128000295231,38.42863100011305],[-79.282225000379597,38.428845999711491],[-79.282295999626385,38.429029999766122],[-79.282309000045174,38.429064000038522],[-79.282423999672901,38.429388000051198],[-79.28256500013822,38.429718999863979],[-79.282671000443443,38.429935999691772],[-79.282707000428459,38.430049000297259],[-79.282714000101123,38.430091999846063],[-79.28272599979671,38.430163999966005],[-79.28272599979671,38.430176000330846],[-79.282724999971791,38.430320000331427],[-79.282724000146885,38.430664000343313],[-79.282704000055389,38.430963999752322],[-79.282689999811694,38.431085999788856],[-79.282851000368495,38.431458999746738],[-79.2827540002841,38.431693999792984],[-79.282526999605054,38.431912999914204],[-79.282237999900062,38.432091000223856],[-79.281960000065723,38.432171000014563],[-79.281154999976678,38.43218000021416],[-79.279113999803386,38.432836999792542],[-79.278834000319236,38.433010000273441],[-79.278601999617308,38.433273000320256],[-79.278178000193094,38.433933000267388],[-79.277998000268042,38.434173000287679],[-79.27775899989345,38.434401999762621],[-79.27745799959456,38.434526000146136],[-79.275341999976519,38.434992000296447],[-79.275198999861374,38.435106999833081],[-79.275022000309392,38.435454999854286],[-79.274909000331462,38.436010999723408],[-79.274517999620926,38.436357999723086],[-79.27203799995479,38.437379999891419],[-79.271534000164635,38.437499000030932],[-79.269445000310782,38.437393000336058],[-79.269390000059175,38.437390000017118],[-79.26936099974688,38.437388000273565],[-79.269320999563902,38.437385999826297],[-79.269225000202738,38.437380999763313],[-79.269179999996908,38.437379000019511],[-79.268424000311668,38.437706000320631],[-79.26803400032432,38.438043999742185],[-79.26784600000336,38.438153000175781],[-79.267620999872449,38.438204999976037],[-79.267475000282587,38.438238000289978],[-79.267462999688703,38.438240999869969],[-79.267352000258924,38.438265999883491],[-79.267318999748667,38.438274000167453],[-79.267158000090191,38.438484999772307],[-79.267124999579892,38.438522999942428],[-79.266990999685603,38.438677999984691],[-79.266846999745567,38.438826000027674],[-79.266665999995581,38.438996999827843],[-79.266654000300022,38.439009000131904],[-79.266604999896217,38.439056000072291],[-79.266492999743235,38.439186999834391],[-79.266394999833935,38.439324999681183],[-79.266363000046894,38.439380000280792],[-79.266328999711689,38.439440000055576],[-79.266199000015362,38.439762000269972],[-79.266054000250392,38.44016799986975],[-79.265979999732238,38.440384999956763],[-79.265947000120278,38.440479999954931],[-79.265870000127393,38.440706000351639],[-79.265768000020131,38.440979000136281],[-79.265660999890017,38.441191000097028],[-79.265577000224411,38.441327999813524],[-79.265465999896335,38.441547000263363],[-79.265321000131379,38.441834999650752],[-79.265315000283607,38.441881000052362],[-79.265269000252857,38.442227000175677],[-79.265153999726806,38.442461999649232],[-79.265040999748905,38.442689999769428],[-79.264223000139395,38.44343400000313],[-79.263567999838187,38.443687000114039],[-79.26349400021833,38.443797000252744],[-79.262903000389542,38.444652000348093],[-79.262832000244444,38.445221999944152],[-79.262686999581163,38.445626000274316],[-79.262571999953437,38.445843000134538],[-79.262069999813107,38.446316999793964],[-79.261945999964539,38.4465840002931],[-79.261103000240681,38.448069999897491],[-79.260555999894493,38.448575999795665],[-79.260155999861411,38.448817999808071],[-79.258460000367918,38.449429000146971],[-79.257858999595086,38.449765999848587],[-79.257365999675599,38.450156000118973],[-79.256978000236387,38.450567000200813],[-79.256818000402816,38.450871999749737],[-79.256485000316886,38.452042000223351],[-79.256404000126025,38.452252999679743],[-79.256083999560573,38.452894999702096],[-79.255990999674154,38.453023999658399],[-79.255856999779851,38.453991000248166],[-79.255763999893418,38.454276000307708],[-79.25448199977842,38.455930000015314],[-79.254295000180662,38.456004000324725],[-79.25352100005378,38.455897999667847],[-79.25317399972414,38.455834999953545],[-79.252973999707606,38.455750999779944],[-79.252428000084635,38.455324999705176],[-79.25125200027486,38.454645000097123],[-79.250797999815092,38.454591999845015],[-79.250356999774127,38.454654999941255],[-79.250063999871159,38.454633999915281],[-79.249729999960323,38.454497000131845],[-79.249222999797126,38.454381000193948],[-79.249097000298747,38.454300999691505],[-79.248743000296429,38.454001999824548],[-79.248314999775928,38.453641000251558],[-79.247901000397462,38.453401000237363],[-79.247473999701867,38.453305999659484],[-79.246486000213054,38.453274999910363],[-79.24567199990318,38.453379999846426],[-79.244323999665951,38.453907000038001],[-79.244122999824484,38.453928000275589],[-79.242948999664506,38.454023000034496],[-79.242668000355422,38.454181000178451],[-79.242387999972948,38.454485999927435],[-79.242228000139377,38.45489699996692],[-79.242295000086514,38.455519000232798],[-79.242161000192226,38.456004000324725],[-79.242074000153579,38.456370000187775],[-79.241885999832604,38.456738999819066],[-79.241853000220658,38.457100999668853],[-79.241992999962733,38.458001000097916],[-79.242001000358641,38.458705999696058],[-79.241946999931983,38.459753999832976],[-79.241945000282158,38.459790999794507],[-79.241767000006931,38.460791999820557],[-79.241736999869687,38.46096000028853],[-79.241690999838937,38.46123199988164],[-79.241634999762439,38.461559999971534],[-79.241662000424952,38.461913999771802],[-79.241664999899669,38.461925999782288],[-79.241750000288491,38.462264999956666],[-79.241830999581026,38.462586000097261],[-79.241838999976935,38.462621999787295],[-79.24187300031214,38.462761000063061],[-79.242013999879134,38.464305999908483],[-79.242187999956414,38.464623000021518],[-79.242075999803404,38.464904000208186],[-79.242047000389391,38.464977000262714],[-79.242037000343657,38.465050999731936],[-79.242064999932765,38.465120000280727],[-79.242055999711923,38.465137000008248],[-79.242049000039231,38.465149999673066],[-79.242033999970602,38.465309000253171],[-79.2420039998334,38.465642000305735],[-79.241956999977717,38.465836999996554],[-79.24188800038074,38.466027999853459],[-79.241798999793971,38.466212000084226],[-79.241622000241975,38.466513000328789],[-79.241424999700172,38.466806000086912],[-79.241171000155262,38.467138000097798],[-79.240937999628443,38.467463999739827],[-79.240617999961287,38.467876999994317],[-79.24055100001415,38.467999000236823],[-79.240515000029134,38.46810600014129],[-79.240495999762558,38.468216000331132],[-79.240484000066999,38.468383999683404],[-79.240458000127745,38.468510000347443],[-79.240417000119848,38.468632999661303],[-79.240294000096199,38.468917000111809],[-79.240176999920322,38.469239999750151],[-79.240075999638009,38.469563000051728],[-79.239993999622229,38.469761000069973],[-79.23991699962933,38.469925000248921],[-79.239884000017369,38.470037000019552],[-79.239880999644328,38.470079000240332],[-79.239858999903021,38.470101000111768],[-79.239776000062349,38.470183000212899],[-79.239756999795773,38.470201999691213],[-79.239627000099432,38.470330000229332],[-79.239124999959088,38.470741000019927],[-79.239114000088435,38.47074499976852],[-79.238324999892924,38.471054000248458],[-79.236899999662782,38.471454999805147],[-79.236887000142303,38.471462999926217],[-79.236236999863962,38.471869999902552],[-79.23594899998389,38.472255999872601],[-79.235707000134553,38.472409999808676],[-79.234580999655151,38.472930999729499],[-79.234563000111805,38.472938999686804],[-79.234548999868096,38.472945000181625],[-79.234496000164654,38.472963000256598],[-79.234467999677236,38.472982999787625],[-79.23440499992806,38.472997000229661],[-79.234365999569988,38.473006000261243],[-79.234194999865778,38.473052999860812],[-79.234015999765631,38.473102000293537],[-79.233741000304335,38.473189000190402],[-79.233434000157658,38.473277000060165],[-79.233132999858782,38.473380000266737],[-79.232840999780734,38.473495999893089],[-79.232726999977913,38.47354600009885],[-79.232090999943281,38.47385100025155],[-79.231855999766637,38.473955999775036],[-79.231802000238275,38.473980000006286],[-79.231654999925183,38.474033000078506],[-79.231640999681488,38.474037999711769],[-79.231584999605005,38.47406199991579],[-79.231570000434701,38.474068999680711],[-79.230782000064096,38.474488999806717],[-79.230474000092514,38.474583999914515],[-79.229808999745572,38.474660000191982],[-79.229315999826056,38.474818000142164],[-79.228791000119514,38.475145000279007],[-79.227688999929555,38.476000000215429],[-79.227401999874374,38.476055000287801],[-79.227132000435958,38.476110000318265],[-79.226811000045586,38.476174999980479],[-79.226795000152066,38.476178000093263],[-79.225914999719961,38.476359999671999],[-79.225668999672649,38.476470999962345],[-79.225471000204266,38.476650000114851],[-79.225150999638799,38.477005999737528],[-79.225099999585169,38.477052000220333],[-79.225070000346264,38.477089999771437],[-79.22506000030053,38.477113000341312],[-79.224697999902261,38.477473999885611],[-79.224583000274549,38.477587999921276],[-79.224341000425198,38.477843999862699],[-79.224071000088472,38.478124999867042],[-79.223734999629485,38.478472999895835],[-79.222168000007429,38.479638999985447],[-79.220961000235491,38.480589999973731],[-79.220899000311221,38.480717999650061],[-79.220998999870318,38.48148400003894],[-79.221004999718119,38.4817220002152],[-79.22100800009116,38.482017999922988],[-79.221008999916066,38.48206400002028],[-79.221008999916066,38.482085999750687],[-79.221023000159789,38.482498999932027],[-79.221310000214956,38.483880999717847],[-79.22148000009426,38.484693000070301],[-79.221405999576106,38.484837000282745],[-79.22014399955259,38.486214999943378],[-79.219067000375304,38.487440999890886],[-79.218624999611109,38.487686999811174],[-79.217812999849386,38.488004999664199],[-79.216643999712275,38.488310999683854],[-79.216277000189464,38.488416999810426],[-79.215689999660327,38.488594999964079],[-79.215359000122518,38.488891000273171],[-79.215211999809426,38.489261000004362],[-79.215010000143067,38.489951999899603],[-79.214944000020822,38.490443000197885],[-79.214747000377344,38.490675999731685],[-79.214427999636797,38.49081100002514],[-79.213791999602151,38.491000000151672],[-79.212409999928042,38.491826000043012],[-79.210591000410901,38.492912999911653],[-79.210171000286337,38.493893000112664],[-79.210097999593089,38.494061999883826],[-79.210025999623056,38.494230999961594],[-79.210008000079725,38.494283000122095],[-79.209763999682238,38.495032000055083],[-79.209726000047411,38.495293000176318],[-79.209702999582888,38.49557400034886],[-79.209579999559239,38.495690000115459],[-79.209458000258806,38.495804999930073],[-79.208720000116926,38.496500999823922],[-79.208563999582992,38.496774000082738],[-79.208489999963149,38.496991000037156],[-79.208465999673706,38.497312999989646],[-79.208391000228943,38.497967999695753],[-79.20841399979517,38.498327999804864],[-79.208336999802285,38.49878599994841],[-79.208146000006565,38.499478000305686],[-79.208083000257375,38.499748999703861],[-79.207995000393822,38.500121999737537],[-79.207873000195093,38.500121999737537],[-79.207884000065746,38.500428000320731],[-79.207759000392272,38.500522000284853],[-79.20784800008073,38.500644000115194],[-79.207759000392272,38.500721999725528],[-79.207759000392272,38.500822000292146],[-79.207759000392272,38.501022000305873],[-79.207759000392272,38.501221999764219],[-79.207759000392272,38.501422000073269],[-79.207759000392272,38.501521999668029],[-79.207759000392272,38.501621999826988],[-79.20765899993485,38.501721999847099],[-79.20765899993485,38.501922000173828],[-79.20765899993485,38.502021999777426],[-79.207559000375738,38.502121999945203],[-79.207559000375738,38.502422000318404],[-79.207458999918316,38.502521999930821],[-79.207258999901768,38.502822000044006],[-79.207159000342656,38.502921999804009],[-79.207159000342656,38.503022000128183],[-79.206959000326108,38.503221999657036],[-79.206959000326108,38.503322000267687],[-79.206959000326108,38.503521999666475],[-79.207058999885234,38.503621999860577],[-79.207085999649394,38.50367600028725],[-79.207159000342656,38.50382199983224],[-79.207258999901768,38.50382199983224],[-79.20735900035919,38.503922000312805],[-79.207458999918316,38.504122000154325],[-79.207559000375738,38.504222000218334],[-79.207759000392272,38.504421999929811],[-79.207959000408806,38.504621999788817],[-79.208159000425354,38.504821999795418],[-79.208359000441902,38.505021999949591],[-79.208659000017548,38.505222000251337],[-79.208958999593222,38.505421999997658],[-79.209158999609755,38.505621999891488],[-79.209358999626289,38.505821999932877],[-79.20965900010026,38.50602200012181],[-79.209758999659371,38.506121999656507],[-79.209859000116793,38.506321999715261],[-79.210059000133342,38.506422000239333],[-79.210259000149875,38.506622000167845],[-79.210259000149875,38.506722000275317],[-79.210358999709001,38.506722000275317],[-79.210358999709001,38.506822000243929],[-79.210459000166423,38.506822000243929],[-79.210459000166423,38.506922000073637],[-79.210859000199505,38.507322000112801],[-79.210958999758617,38.507421999951205],[-79.210958999758617,38.507667999834254],[-79.210958999758617,38.507722000039024],[-79.210958999758617,38.507822000024866],[-79.210958999758617,38.508022000282907],[-79.210859000199505,38.508121999852143],[-79.210758999742083,38.508221999985473],[-79.210659000182957,38.508522000255184],[-79.210558999725535,38.508721999974959],[-79.210459000166423,38.508921999842144],[-79.210358999709001,38.509222000007291],[-79.210158999692467,38.50952200032841],[-79.210059000133342,38.509722000082434],[-79.209958999675919,38.509921999983895],[-79.209958999675919,38.510021999726277],[-79.209820999583656,38.51022899996785],[-79.209758999659371,38.510322000228975],[-79.209758999659371,38.510521999869709],[-79.20965900010026,38.510821999695075],[-79.209727999697222,38.511028000191551],[-79.209758999659371,38.511121999676348],[-79.209758999659371,38.511321999906635],[-79.209758999659371,38.511621999913316],[-79.209758999659371,38.511922000075913],[-79.20965900010026,38.512021999852308],[-79.209158999609755,38.512822000092612],[-79.20905900005063,38.513221000167405],[-79.20905900005063,38.513421000190363],[-79.209158999609755,38.513620999657682],[-79.20905900005063,38.513920999925688],[-79.208958999593222,38.514121000112745],[-79.208958999593222,38.514320999744157],[-79.208859000034096,38.514620999906811],[-79.208659000017548,38.514921000225087],[-79.208459000001014,38.515321000110589],[-79.208258999984466,38.515720999882213],[-79.208058999967932,38.515920999988886],[-79.208058999967932,38.516220999809939],[-79.207986999997914,38.516292999721529],[-79.207858999951398,38.516420999933281],[-79.207759000392272,38.516720999779324],[-79.207458999918316,38.517121000206387],[-79.207355999986163,38.517428999885155],[-79.207159000342656,38.517621000250358],[-79.207058999885234,38.518020999893622],[-79.206959000326108,38.518220999936013],[-79.206858999868686,38.518421000125585],[-79.20675900030956,38.518821000243385],[-79.206658999852152,38.519120999927246],[-79.206658999852152,38.519221000246873],[-79.206559000293026,38.519520999669346],[-79.206559000293026,38.519720999761113],[-79.206458999835604,38.520120999683151],[-79.206359000276493,38.520521000193639],[-79.206359000276493,38.520920999886883],[-79.206359000276493,38.521121000305534],[-79.206359000276493,38.52142100024296],[-79.206359000276493,38.521820999854292],[-79.206359000276493,38.522120999685242],[-79.206458999835604,38.52232100028354],[-79.206458999835604,38.522621000138813],[-79.206458999835604,38.522720999812726],[-79.206359000276493,38.522921000149296],[-79.206259999643976,38.52311899975227],[-79.206159000259944,38.523520999932742],[-79.206058999802522,38.523620999761732],[-79.206058999802522,38.523920999820632],[-79.205959000243411,38.524221000034551],[-79.205858999785988,38.524520999700769],[-79.205694999754442,38.524767000194629],[-79.20565899976944,38.524821000224733],[-79.205346999599911,38.52501299984759],[-79.205159000177247,38.525220999915092],[-79.204858999703276,38.525421000332116],[-79.204658999686743,38.525521000332184],[-79.204359000111069,38.52562100019329],[-79.204258999653661,38.525720999915485],[-79.203959000078001,38.525821000201461],[-79.203658999604031,38.526020999653753],[-79.203359000028385,38.526220999955783],[-79.203058999554415,38.526420999701969],[-79.202708999750044,38.526700999958891],[-79.202558999962207,38.526821000337826],[-79.202384000060036,38.526995999653352],[-79.202259000386547,38.527120999707023],[-79.202230999899143,38.527135000171789],[-79.202059000370014,38.527221000155883],[-79.201758999896043,38.527520999965787],[-79.201459000320384,38.527820999930519],[-79.201358999862961,38.528021000149167],[-79.201259000303864,38.52842100032435],[-79.201158999846413,38.528721000050695],[-79.201064000310183,38.529004999819747],[-79.200859000270768,38.529421000170004],[-79.200659000254234,38.529920999800474],[-79.200459000237686,38.530120999804211],[-79.200259000221138,38.530521000252087],[-79.200158999763715,38.530720999993498],[-79.200137000022394,38.530755000119107],[-79.199958999747167,38.531020999968689],[-79.199758999730648,38.531220999725754],[-79.199459000154988,38.531520999724385],[-79.19925900013844,38.531721000199688],[-79.19895899966447,38.531921000119091],[-79.198859000105372,38.532121000185278],[-79.198859000105372,38.53232099969545],[-79.198859000105372,38.532420999944776],[-79.198859000105372,38.532521000055162],[-79.198859000105372,38.532720999858853],[-79.198941000121138,38.532802999673898],[-79.19895899966447,38.532821000254941],[-79.19895899966447,38.533020999927395],[-79.19895899966447,38.53322099974654],[-79.19895899966447,38.533520999838252],[-79.19895899966447,38.533747000257058],[-79.19895899966447,38.53382100008443],[-79.19895899966447,38.533953999734777],[-79.19895899966447,38.534120999782282],[-79.199059000121892,38.534321000057055],[-79.199059000121892,38.534520999775758],[-79.199059000121892,38.534620999778028],[-79.199059000121892,38.534821000068135],[-79.199059000121892,38.535020999802228],[-79.19895899966447,38.535120999812129],[-79.198758999647922,38.535220999683013],[-79.198459000072276,38.535520999866982],[-79.198059000039194,38.535720999763093],[-79.197758999565224,38.535920999805818],[-79.197458999989564,38.536220999881344],[-79.19725899997303,38.536420999939352],[-79.197058999956496,38.53662100014396],[-79.196959000397371,38.536721000037787],[-79.1966589999234,38.536921000110986],[-79.196359000347755,38.537121000330821],[-79.196159000331221,38.537221000232215],[-79.196159000331221,38.537320999994598],[-79.196011000193195,38.537468999949951],[-79.195959000314673,38.537520999804983],[-79.195759000298125,38.537821000234572],[-79.195658999840703,38.538021000060134],[-79.195658999840703,38.538221000032237],[-79.195559000281605,38.538620999713537],[-79.195458999824154,38.538920999771364],[-79.195359000265043,38.539121000051736],[-79.195359000265043,38.539320999775953],[-79.195165999921201,38.53960999986365],[-79.195058999791073,38.539821000166782],[-79.194759000215427,38.540121000138278],[-79.194559000198879,38.540320999892515],[-79.194359000182331,38.540520999793273],[-79.194258999724909,38.540720999840545],[-79.194204000371627,38.540802999671087],[-79.194058999708361,38.541021000273986],[-79.193959000149263,38.541420999842252],[-79.193657999850387,38.541721000166447],[-79.193558000291262,38.54202099994189],[-79.193457999833839,38.542421000272263],[-79.193358000274728,38.542520999831609],[-79.192804000255862,38.543043999653072],[-79.192457999751127,38.543420000341172],[-79.192257999734593,38.543620000055746],[-79.192147000304828,38.54373099999107],[-79.192057999718045,38.543819999916728],[-79.191558000125852,38.544120000070599],[-79.191057999635348,38.544419999675625],[-79.190758000059702,38.544720000136905],[-79.190457999585732,38.545020000049377],[-79.190402000407531,38.545075999903794],[-79.19025799956917,38.54522000023254],[-79.190057999552636,38.545419999859483],[-79.189957999993524,38.545719999662097],[-79.189957999993524,38.545820000254984],[-79.189858000434427,38.546020000320972],[-79.18978499974115,38.546130000295868],[-79.189658000417865,38.546319999728318],[-79.189557999960456,38.546519999808908],[-79.189532000021174,38.546545999982271],[-79.189357999943894,38.546720000035826],[-79.18915799992736,38.547120000225974],[-79.188957999910826,38.547419999962273],[-79.188658000335181,38.547619999793724],[-79.188499000326487,38.547778999652785],[-79.188458000318619,38.547819999771498],[-79.188157999844648,38.548019999895523],[-79.187858000269003,38.548220000165834],[-79.187658000252455,38.548419999879876],[-79.187458000235935,38.548619999740197],[-79.187258000219373,38.548920000244003],[-79.186990000430782,38.549238000184296],[-79.186957999745403,38.549320000139666],[-79.186658000169757,38.549619999830547],[-79.186357999695787,38.549919999674856],[-79.186157999679239,38.550020000047326],[-79.186157999679239,38.550120000280778],[-79.185858000103593,38.550320000330345],[-79.185557999629623,38.550519999823585],[-79.185357999613061,38.550620000064136],[-79.185058000037444,38.550820000127985],[-79.184757999563445,38.551119999883127],[-79.184457999987785,38.551219999991723],[-79.184257999971265,38.551319999961223],[-79.184057999954717,38.551520000185477],[-79.183857999938169,38.551819999829938],[-79.183758000379072,38.552120000330213],[-79.183657999921635,38.552319999734131],[-79.18355800036251,38.5527199996829],[-79.18355800036251,38.553019999940318],[-79.183457999905102,38.553219999650629],[-79.18335800034599,38.553519999929151],[-79.183257999888539,38.55381999965833],[-79.183158000329442,38.554019999953077],[-79.18305799987202,38.55412000024311],[-79.182958000312894,38.554420000278519],[-79.182958000312894,38.554520000012104],[-79.18275800029636,38.554819999783255],[-79.182558000279826,38.555119999707507],[-79.18245799982239,38.555419999784824],[-79.182304999661525,38.555725999936755],[-79.182257999805856,38.555720000015128],[-79.182257999805856,38.55601999969597],[-79.182097000147365,38.556233999911512],[-79.182057999789293,38.556320000232269],[-79.182009000283827,38.556515999990793],[-79.181958000230196,38.556719999702253],[-79.181857999772774,38.557119999756402],[-79.181848999551946,38.557450000215276],[-79.181857999772774,38.557519999692119],[-79.181758000213648,38.557820000290576],[-79.181758000213648,38.558120000339443],[-79.181657999756226,38.558319999910573],[-79.181649000433708,38.558393000145756],[-79.181657999756226,38.558520000330162],[-79.181457999739678,38.558820000267332],[-79.181257999723144,38.559119999654882],[-79.181158000164018,38.559319999955854],[-79.180958000147498,38.559620000066282],[-79.180857999690048,38.559920000329534],[-79.180558000114402,38.560119999809395],[-79.180358000097868,38.560420000092982],[-79.180158000081335,38.56062000028885],[-79.179958000064772,38.560819999928199],[-79.179657999590802,38.561019999713466],[-79.179358000015156,38.561319999752662],[-79.179157999998623,38.561520000253864],[-79.178757999965526,38.561820000313354],[-79.178357999932459,38.562119999823054],[-79.178157999915911,38.562220000083776],[-79.177957999899377,38.562320000205297],[-79.177752999859962,38.562517000002636],[-79.177658000323731,38.562720000002606],[-79.177458000307183,38.563019999969995],[-79.177258000290635,38.563320000089938],[-79.177157999833213,38.563619999660006],[-79.177157999833213,38.563719999940801],[-79.177157999833213,38.563920000084948],[-79.177058000274101,38.56432000010826],[-79.176957999816665,38.564720000012407],[-79.176757999800117,38.565119999797297],[-79.176658000241005,38.565520000165286],[-79.176572000027292,38.565605999911469],[-79.176458000224486,38.565720000216785],[-79.176254999834882,38.565915000134865],[-79.175858000174841,38.566020000303865],[-79.175557999700871,38.566120000054568],[-79.175254999752184,38.566215000110262],[-79.17488099965837,38.566314000101265],[-79.174843000023529,38.566337000271183],[-79.174761000007763,38.566385000266187],[-79.174538000425017,38.566507000138493],[-79.174513000310654,38.566531999919782],[-79.174152999562224,38.566613000331458],[-79.174111999554356,38.56664300030468],[-79.173757999552009,38.566820000032159],[-79.173358000417238,38.567119999741237],[-79.173057999943268,38.567220000068289],[-79.172758000367622,38.567320000256231],[-79.172358000334555,38.567520000214508],[-79.172047999814822,38.567613000181126],[-79.171857999844022,38.567720000318552],[-79.171737000368523,38.56776000013209],[-79.171558000268377,38.567819999810617],[-79.171158000235309,38.568019999782038],[-79.170954000020785,38.568116000301039],[-79.170857999761338,38.56832000010008],[-79.170758000202213,38.568520000084511],[-79.17065799974479,38.568720000214576],[-79.17065799974479,38.568825999952473],[-79.17065799974479,38.569019999717149],[-79.17065799974479,38.569219999860223],[-79.170758000202213,38.569619999881006],[-79.170857999761338,38.569919999839939],[-79.17085899958623,38.570120000287226],[-79.171058999602792,38.57042000026555],[-79.171144999816505,38.570723000081827],[-79.171359000076762,38.570920000020969],[-79.17145899963586,38.571119999791705],[-79.171488999773089,38.571180000176206],[-79.171511000412707,38.57122500008056],[-79.171558000268377,38.571319999707995],[-79.171657999827488,38.57162000029443],[-79.171657999827488,38.571920000330472],[-79.171549999872454,38.57201900018687],[-79.171657999827488,38.572219999816163],[-79.171390000038883,38.572754000324245],[-79.171257999794406,38.573018999948431],[-79.171158000235309,38.573219000196957],[-79.171057999777872,38.573518999876889],[-79.170958000218747,38.573818999708706],[-79.170857999761338,38.574118999692338],[-79.17065799974479,38.574219000110787],[-79.170457999728242,38.574518999828662],[-79.170285000374207,38.574775000011236],[-79.170262999734575,38.574819999770718],[-79.170196999612344,38.574904000182748],[-79.17005799969516,38.575018999851856],[-79.169857999678626,38.575219000150796],[-79.169657999662064,38.575518999906414],[-79.169537000186565,38.575699999780348],[-79.169457999645545,38.57581899981372],[-79.169358000086433,38.576018999992272],[-79.169156000420074,38.576118999872712],[-79.168944999634547,38.576343999797068],[-79.168657999579381,38.576618999996057],[-79.168558000020255,38.576819000054144],[-79.168358000003721,38.577119000150532],[-79.168157999987173,38.577518999734629],[-79.168154999614131,38.577604999866935],[-79.168152000139386,38.577682000306339],[-79.168143999743464,38.577739000031201],[-79.168058000428061,38.578118999850176],[-79.168058000428061,38.578573999908748],[-79.168101000085784,38.578822000255037],[-79.168058000428061,38.5789189996988],[-79.168058000428061,38.579219000153955],[-79.167858000411513,38.579519000058305],[-79.167557999937543,38.579819000114092],[-79.167256999638681,38.580019999689242],[-79.167055999797228,38.580103000341964],[-79.166656999589051,38.580319999759226],[-79.166368999708965,38.580463999712883],[-79.166291999716066,38.580507000135633],[-79.166261999578836,38.580524000018023],[-79.166057000437746,38.580619999980641],[-79.165756999963776,38.580719999775958],[-79.16545700038813,38.580919999651186],[-79.16535699993068,38.580919999651186],[-79.165257000371568,38.581019999731055],[-79.165057000355048,38.581220000175392],[-79.164756999881064,38.581420000062735],[-79.164657000321952,38.581620000095384],[-79.164457000305404,38.581719999902859],[-79.164258000113776,38.582018999922155],[-79.164058000097256,38.582218999691236],[-79.163858000080708,38.582419000307773],[-79.16365800006416,38.582618999665108],[-79.163442000154092,38.582816999947909],[-79.163458000047626,38.582919000114657],[-79.163458000047626,38.583119000186237],[-79.16335799959019,38.583418999951533],[-79.16335799959019,38.583718999868083],[-79.163320999780268,38.583792000283125],[-79.163284999795266,38.583864999921794],[-79.163258000031092,38.583918999818415],[-79.163157999573656,38.584218999752821],[-79.163049999618607,38.584414000021283],[-79.162957999557122,38.584819000075193],[-79.162758000438885,38.585018999770895],[-79.162657999981462,38.585319000025457],[-79.162447000094247,38.585653999799938],[-79.162457999964914,38.585719000287853],[-79.16242500035294,38.585785999854089],[-79.162358000405803,38.585919000285678],[-79.16234900018496,38.586214999934306],[-79.16225799994838,38.586419000300893],[-79.162158000389255,38.586719000324216],[-79.162057999931847,38.587018999796314],[-79.162001999855335,38.587186000176487],[-79.161961999672371,38.587320000019943],[-79.161857999915284,38.587618999895632],[-79.161758000356173,38.587918999820666],[-79.161657999898765,38.588218999896618],[-79.161582999555677,38.588293999719795],[-79.161457999882217,38.588418999953078],[-79.161358000323105,38.58871900004651],[-79.16105799984912,38.589019000290797],[-79.160857999832601,38.589219000225384],[-79.160657999816038,38.5895189997849],[-79.160358000240393,38.589718999731083],[-79.160257999782971,38.58991899982226],[-79.160057999766423,38.590019000010017],[-79.159857999749875,38.590218999967746],[-79.159758000190763,38.59061900031822],[-79.159657999733355,38.59081900000885],[-79.159558000174229,38.591118999904445],[-79.159358000157681,38.591319000308651],[-79.159256999875353,38.59151900015577],[-79.159056999858805,38.591719000147847],[-79.159056999858805,38.591919000284868],[-79.158957000299694,38.592018999793417],[-79.158856999842271,38.592118999864788],[-79.158656999825723,38.592319000291781],[-79.158557000266612,38.592719000176487],[-79.158357000250078,38.593018999856163],[-79.158256999792641,38.593118999938888],[-79.158256999792641,38.593218999882268],[-79.158256999792641,38.59341900005338],[-79.15815700023353,38.593519000281006],[-79.158256999792641,38.593519000281006],[-79.158256999792641,38.593719000318423],[-79.158256999792641,38.593918999798703],[-79.158357000250078,38.594119000125943],[-79.158456999809189,38.594219000080663],[-79.158656999825723,38.594318999896032],[-79.158707999879354,38.594368999751481],[-79.158733999818608,38.594395999967887],[-79.158755999559929,38.594419000274222],[-79.158787000420375,38.594434999872483],[-79.158957000299694,38.594518999811051],[-79.159157000316227,38.594618999910637],[-79.159358000157681,38.594718999870935],[-79.159558000174229,38.594818999691924],[-79.159657999733355,38.59491900007572],[-79.159758000190763,38.595118999723304],[-79.159758000190763,38.595218999689187],[-79.159758000190763,38.595418999905114],[-79.159657999733355,38.5955190001552],[-79.159558000174229,38.595619000265977],[-79.159457999716793,38.595719000237409],[-79.159457999716793,38.595918999762432],[-79.159358000157681,38.595918999762432],[-79.159157000316227,38.596119000134387],[-79.159056999858805,38.596318999949105],[-79.158957000299694,38.596518999908632],[-79.158957000299694,38.596619000030479],[-79.158957000299694,38.596719000013074],[-79.158856999842271,38.596919000262311],[-79.158757000283146,38.597218999942363],[-79.158757000283146,38.597419000202649],[-79.158656999825723,38.597618999905677],[-79.158656999825723,38.597718999899207],[-79.158656999825723,38.597818999753471],[-79.158656999825723,38.598318999743277],[-79.158656999825723,38.598618999890704],[-79.158656999825723,38.598818999760439],[-79.158757000283146,38.598919000188388],[-79.158856999842271,38.599218999934195],[-79.159056999858805,38.599419000238235],[-79.159158000141147,38.599618999984969],[-79.159257999700259,38.599818999876469],[-79.159257999700259,38.600018999912734],[-79.159358000157681,38.600318999975151],[-79.159257999700259,38.600619000187784],[-79.159257999700259,38.600918999848439],[-79.159158000141147,38.60121899965921],[-79.158957000299694,38.601519000322085],[-79.158856999842271,38.601618000097162],[-79.158757000283146,38.601818000034548],[-79.158757000283146,38.601917999794239],[-79.158557000266612,38.60211800029964],[-79.158357000250078,38.602218000343356],[-79.15815700023353,38.60251800034046],[-79.157856999759559,38.602617999826769],[-79.157656999743011,38.602817999785493],[-79.157357000167366,38.603218000136941],[-79.157157000150832,38.60341799982757],[-79.156856999676862,38.603717999722541],[-79.156656999660314,38.604117999971606],[-79.156456999643765,38.604317999962106],[-79.156157000068106,38.604618000306715],[-79.155856999594135,38.60491800009919],[-79.15555700001849,38.605117999966076],[-79.155357000001956,38.605317999977515],[-79.155156999985422,38.605417999774261],[-79.155057000426311,38.605518000133593],[-79.15475699995234,38.605817999673476],[-79.154710000096657,38.605881999815516],[-79.154655999669998,38.60591899981673],[-79.154557999760698,38.606114999751561],[-79.154541999867178,38.606145999710151],[-79.154457000376681,38.606318000097517],[-79.154356999919244,38.60651800027442],[-79.154457000376681,38.606717999893831],[-79.154457000376681,38.60701800003276],[-79.154556999935792,38.60701800003276],[-79.154556999935792,38.607217999662545],[-79.154555000285967,38.607513999944835],[-79.154561999958659,38.607534000005259],[-79.154585000423197,38.607627999723107],[-79.154591000270983,38.607654000250641],[-79.1545939997457,38.607665999842943],[-79.154657000393215,38.607718000159068],[-79.154657000393215,38.607917999943659],[-79.154857000409748,38.608117999872825],[-79.15495699996886,38.608317999946458],[-79.155156999985422,38.608717999825188],[-79.155357000001956,38.608817999797438],[-79.155357000001956,38.608918000332253],[-79.155456999561068,38.609118000281882],[-79.15555700001849,38.609217999696604],[-79.15555700001849,38.609517999912498],[-79.15555700001849,38.609818000277926],[-79.15555700001849,38.610118000090914],[-79.155558999668315,38.61048400015757],[-79.155456999561068,38.610754999778706],[-79.155456999561068,38.610918000011004],[-79.155355000352131,38.611224999903811],[-79.15525700044283,38.611417999993868],[-79.155156999985422,38.611718000135973],[-79.15495699996886,38.611918000001758],[-79.154857000409748,38.612218000158904],[-79.154657000393215,38.612517999763455],[-79.154457000376681,38.612818000219299],[-79.154428000064357,38.612904999730787],[-79.154356999919244,38.613118000122562],[-79.154257000360133,38.613517999913853],[-79.154151999879829,38.613615000215091],[-79.15415699990271,38.613918000282489],[-79.154057000343585,38.614118000332297],[-79.153956999886177,38.614518000163038],[-79.153857000327065,38.614717999943963],[-79.153657000310503,38.615018000324547],[-79.153565000249017,38.615202999746657],[-79.153559000401216,38.61522200025977],[-79.153469999814433,38.61539100002134],[-79.153457000293969,38.615418000050177],[-79.153356999836546,38.61551799980856],[-79.153257000277435,38.615718000310885],[-79.153057000260887,38.615918000255597],[-79.152857000244339,38.616217999829026],[-79.152756999786931,38.616317999875925],[-79.152657000227819,38.616518000253443],[-79.152556999770368,38.616518000253443],[-79.152457000211257,38.616818000125015],[-79.152556999770368,38.617017999810336],[-79.152457000211257,38.617118000145737],[-79.152356999753849,38.617518000093177],[-79.152257000194723,38.617817999993683],[-79.152057000178189,38.618118000043204],[-79.151956999720753,38.618418000241739],[-79.151857000161641,38.618717999887323],[-79.151794000412451,38.618843999939834],[-79.151756999704219,38.618917999889746],[-79.151759000252355,38.618964999676052],[-79.151756999704219,38.619218000251479],[-79.151657000145093,38.619418000263437],[-79.151556999687671,38.619818000017979],[-79.151457000128573,38.620218000349126],[-79.151356999671123,38.620417999678111],[-79.151257000112011,38.620617999853096],[-79.151057000095477,38.620818000172171],[-79.150956999638041,38.621118000306964],[-79.150756999621507,38.621317999933623],[-79.150556999604959,38.621517999704352],[-79.150356999588425,38.621718000321003],[-79.150156999571877,38.621917999678089],[-79.150057000012765,38.622117999881148],[-79.149956999555343,38.622117999881148],[-79.149867000041965,38.622298000078281],[-79.149856999996231,38.62231800022824],[-79.149785000026199,38.622389999879772],[-79.149770999782504,38.622400000293567],[-79.14975700043712,38.622418000192646],[-79.149656999979683,38.622717999950993],[-79.149656999979683,38.622802999876654],[-79.149667000025431,38.62282399999139],[-79.149641000086163,38.622834000344618],[-79.149456999963149,38.623017999858092],[-79.149256999946601,38.623317999913795],[-79.149169999907983,38.62349300012707],[-79.14915700038749,38.623517999721642],[-79.149133000098047,38.623567000193049],[-79.149087000067283,38.623657000284176],[-79.148815999905636,38.623958999951768],[-79.148784000118596,38.623991000009312],[-79.148748999958485,38.624034999714254],[-79.148599000170663,38.624202999679177],[-79.148552000315007,38.624254999939467],[-79.148432999591009,38.624375999670399],[-79.1483840000855,38.624425000257361],[-79.148287999826053,38.624502000309981],[-79.148235999947502,38.624543000158447],[-79.148092000007452,38.624646000068083],[-79.148081999961718,38.624652999927065],[-79.148071000091065,38.624664000105199],[-79.148057999672275,38.624718000189588],[-79.14786600005165,38.624823000003268],[-79.147557000255148,38.625018000151634],[-79.147515000422359,38.625018000151634],[-79.14745699979774,38.625018000151634],[-79.147442999554045,38.625061999928263],[-79.147435999881338,38.625118999933683],[-79.147373999957068,38.625117999860116],[-79.147256999781192,38.625117999860116],[-79.147056999764658,38.62531800026224],[-79.147035000023337,38.625401999843717],[-79.147004999886107,38.625521999676714],[-79.146973999923972,38.625640999944387],[-79.146799000021801,38.62576699976487],[-79.146741000295478,38.625819000294598],[-79.146651999708709,38.626014999901045],[-79.146506000118819,38.62616900001796],[-79.146449000217444,38.626254000063902],[-79.146357000155902,38.626518000084346],[-79.146056999681946,38.626718000090669],[-79.145957000122834,38.626818000235566],[-79.1448569995827,38.629217999769118],[-79.144656999566166,38.630018000007439],[-79.144454000074887,38.630217000073308],[-79.144356999990507,38.630318000251577],[-79.143950000284747,38.630511000196591],[-79.143777000032358,38.630938000333806],[-79.143657000381765,38.631216999779411],[-79.143657000381765,38.631717000015819],[-79.143650999635668,38.63231599979342],[-79.143257000348697,38.632817000050323],[-79.142857000315615,38.633517000343062],[-79.142756999858165,38.634016999976218],[-79.142657000299067,38.634416999697955],[-79.142257000265985,38.634816999994548],[-79.141857000232889,38.634917000070807],[-79.141257000183273,38.635617000207077],[-79.140556999676235,38.636116999928454],[-79.140156999643139,38.636817000275052],[-79.13965700005096,38.63721699980966],[-79.139492000194494,38.637288000034083],[-79.138957000442204,38.637517000100821],[-79.13825399956211,38.637713000005782],[-79.137557000326439,38.638016999900756],[-79.137256999852468,38.638516999721169],[-79.137357000309876,38.639117000093904],[-79.137353000111915,38.63962299988853],[-79.13735599958666,38.639650999786753],[-79.137348000089048,38.640016000140278],[-79.137157000293342,38.640316999804149],[-79.137061000033867,38.64053600002859],[-79.137056000010986,38.64055500014463],[-79.137010999805156,38.640654000077085],[-79.136736000343859,38.641713999805162],[-79.136373999945619,38.642399999757352],[-79.13615700021063,38.642617000272359],[-79.135743999758759,38.64311300028514],[-79.135674000336877,38.643366999672651],[-79.135650999872354,38.643600999742581],[-79.135648000397623,38.643717000027621],[-79.135643000374742,38.643953999790483],[-79.13557499970436,38.644063999946979],[-79.135559999635731,38.644082999829315],[-79.135058000393741,38.644515000226363],[-79.135003999967054,38.644537000098943],[-79.134253000304682,38.644808999942789],[-79.133656999554702,38.645217000228342],[-79.133556999995605,38.64531699982691],[-79.133556999995605,38.646017000125575],[-79.13354100010207,38.646339000085483],[-79.133457000436493,38.646617000150734],[-79.133249999848942,38.646811000183163],[-79.132857000386863,38.647217000062859],[-79.13265700037033,38.647516999888808],[-79.132756999929427,38.648116999981966],[-79.13272299959425,38.648168999734715],[-79.132741000035907,38.648418999746227],[-79.132556999912893,38.649116999729287],[-79.132457000353781,38.649217000199187],[-79.131857000304151,38.649817000087616],[-79.131249999683547,38.650315000219983],[-79.131160999995075,38.650650000343646],[-79.131121999637017,38.650785999666212],[-79.131084000002176,38.65092200013369],[-79.131042999994293,38.651020000062871],[-79.131065999560505,38.651076000062439],[-79.131116999614136,38.651197000125045],[-79.131156999797113,38.651317000275149],[-79.131257000254536,38.651917000115439],[-79.131257000254536,38.652216999905043],[-79.131224999569184,38.652425000116068],[-79.131222000094439,38.652439000020884],[-79.131056000413082,38.653218000334959],[-79.130755999939112,38.653718000027396],[-79.130457000188372,38.653917000237499],[-79.130356999730935,38.654017999991673],[-79.130109000033841,38.654487999981946],[-79.130100999637904,38.654515000020588],[-79.130056000330384,38.654617999658704],[-79.129755999856414,38.655018000152332],[-79.129454999557524,38.655318000284346],[-79.128857000056044,38.655517000258691],[-79.127957000430769,38.655417000164455],[-79.126954999799921,38.655318000284346],[-79.12635599957521,38.655108000043228],[-79.125855999983031,38.655217000258581],[-79.125055000091933,38.655517999908206],[-79.124756000341193,38.655617000213368],[-79.124356000308126,38.655816999703866],[-79.124338999691361,38.655833999985553],[-79.124156000291578,38.656017000038972],[-79.124055999834155,38.656116999997145],[-79.12395600027503,38.656216999815648],[-79.123855999817607,38.656317000196061],[-79.12375600025851,38.656416999735406],[-79.123655999801073,38.656616999798182],[-79.123556000241948,38.65671700032167],[-79.1234540001347,38.656917000248292],[-79.1234540001347,38.656991999813734],[-79.1234540001347,38.657016999651425],[-79.12345499995962,38.657072999873549],[-79.123456999609431,38.657217000143397],[-79.123456999609431,38.657417000076904],[-79.123557000066867,38.657517000184939],[-79.123557000066867,38.657716999982249],[-79.123656999625993,38.657916999922563],[-79.123557000066867,38.65821699983816],[-79.123456999609431,38.658416999785231],[-79.123357000050333,38.65861699987537],[-79.123256999592897,38.658916999664875],[-79.123055999751443,38.659116999761729],[-79.122855999734895,38.659317000001565],[-79.122655999718361,38.659516999682857],[-79.122356000142702,38.659717000208666],[-79.122255999685265,38.659816999911385],[-79.122055999668746,38.659816999911385],[-79.121770000336781,38.659808000098188],[-79.121455999619116,38.659816999911385],[-79.121255999602582,38.659917000175909],[-79.120988999638868,38.66000599993621],[-79.120956000026922,38.660017000300854],[-79.120756000010374,38.66011599999937],[-79.120453000061673,38.660207999667414],[-79.120256000418181,38.660215999846464],[-79.119755999927676,38.660117000286135],[-79.119355999894594,38.660017000300854],[-79.118856000302401,38.659816999911385],[-79.118256000252785,38.659516999682857],[-79.117656000203155,38.659317000001565],[-79.117301000375903,38.659175000344717],[-79.117198000443736,38.659133999961618],[-79.11716900013144,38.65912199986218],[-79.117155999712637,38.659116999761729],[-79.116656000120457,38.659016999783113],[-79.116355999646487,38.658916999664875],[-79.115954999788485,38.658808999773136],[-79.115555999580323,38.658916999664875],[-79.115156000445552,38.659016999783113],[-79.114756000412456,38.659116999761729],[-79.114388999991334,38.659301000143216],[-79.114337000112812,38.659327000174258],[-79.114207000416471,38.65941499966965],[-79.114055999905418,38.659516999682857],[-79.113655999872321,38.659616999664834],[-79.113454000205962,38.659717999799518],[-79.11325599983924,38.659816999911385],[-79.113055999822706,38.659816999911385],[-79.112760000445022,38.659816999911385],[-79.112455999773076,38.659816999911385],[-79.112059000113049,38.659804999926344],[-79.1115560001478,38.659717000208666],[-79.110956000098184,38.659516999682857],[-79.11045599960768,38.659217000302149],[-79.109956000015472,38.658817000108463],[-79.109670999610131,38.658436000070324],[-79.109658000089638,38.658412000337051],[-79.109456000423279,38.65821699983816],[-79.109256000406745,38.657916999922563],[-79.108856000373663,38.657716999982249],[-79.108574000341363,38.657600000294892],[-79.108155999866611,38.657316999829213],[-79.107755999833529,38.657016999651425],[-79.107456000257869,38.65671700032167],[-79.107056000224787,38.656416999735406],[-79.106755999750817,38.656317000196061],[-79.106355999717735,38.656216999815648],[-79.106183000363686,38.656216999815648],[-79.10611800006636,38.656216999815648],[-79.10605600014209,38.656216999815648],[-79.105656000108993,38.656317000196061],[-79.105155999618489,38.656616999798182],[-79.104656000026282,38.656817000004025],[-79.103952000219607,38.657006999857714],[-79.103356000367938,38.657217000143397],[-79.102756000318323,38.657217000143397],[-79.102156000268693,38.657316999829213],[-79.101655999778174,38.657316999829213],[-79.101156000185981,38.657417000076904],[-79.100655999695476,38.657517000184939],[-79.100156000103269,38.657716999982249],[-79.099756000070201,38.657916999922563],[-79.099455999596216,38.658017000034064],[-79.099156000020585,38.658117000005902],[-79.098856000444925,38.658117000005902],[-79.098656000428377,38.65821699983816],[-79.098355999954407,38.658317000232252],[-79.097955999921325,38.65861699987537],[-79.097555000063338,38.658716999710975],[-79.097054999572819,38.658817000108463],[-79.096554999980611,38.659016999783113],[-79.096154999947544,38.659016999783113],[-79.095655000355336,38.659016999783113],[-79.095255000322268,38.659016999783113],[-79.09475499983175,38.658916999664875],[-79.094554999815202,38.658916999664875],[-79.09445500025609,38.658916999664875],[-79.094055000223022,38.659116999761729],[-79.093655000189926,38.659217000302149],[-79.093354999715956,38.659317000001565],[-79.093154999699436,38.659417000262735],[-79.092954999682874,38.659516999682857],[-79.09275499966634,38.659816999911385],[-79.09275499966634,38.660117000286135],[-79.092655000107229,38.660417000105753],[-79.09275499966634,38.660816999780941],[-79.09275499966634,38.661017000183712],[-79.092839000230242,38.661353999900477],[-79.092855000123777,38.661417000015014],[-79.092855000123777,38.661715999736224],[-79.092855000123777,38.66201599987216],[-79.092855000123777,38.662215999732233],[-79.09275499966634,38.662415999735252],[-79.09275499966634,38.662816000169805],[-79.092855000123777,38.663215999773001],[-79.092855000123777,38.663515999938141],[-79.092954999682874,38.664015999992259],[-79.092954999682874,38.664408999722362],[-79.092947000185291,38.664432000025222],[-79.092855000123777,38.664915999989603],[-79.092737000122995,38.665315999786621],[-79.092655000107229,38.665716000154831],[-79.092655000107229,38.666015999666016],[-79.092655000107229,38.666416000332283],[-79.092359999656139,38.667667999772227],[-79.092245999853318,38.668113999978289],[-79.092168000035514,38.668245999817856],[-79.092055000057599,38.668416000304809],[-79.091655000024531,38.668715999725563],[-79.091355000448885,38.668915999810011],[-79.09125800036449,38.669035999732806],[-79.091218000181527,38.669093999997472],[-79.09117799999855,38.669152000215149],[-79.091054999974915,38.669315999705638],[-79.090654999941819,38.66971600017196],[-79.090454999925285,38.670115999806235],[-79.090254999908737,38.670415999818722],[-79.089955000333077,38.670616000063831],[-79.089755000316543,38.670916000085192],[-79.08955500030001,38.671016000280545],[-79.089454999842573,38.67111600033617],[-79.089355000283462,38.671415999665037],[-79.089155000266913,38.671715999840792],[-79.088854999792957,38.672116000223589],[-79.088755000233832,38.67231599992752],[-79.088555000217298,38.672615999838449],[-79.088254999743327,38.672915999894876],[-79.088054999726779,38.673416000234155],[-79.087854999710245,38.673816000235362],[-79.087854999710245,38.674116000172106],[-79.087854999710245,38.674416000254205],[-79.087755000151148,38.674715999780354],[-79.087755000151148,38.675016000153171],[-79.087654999693711,38.675315999969961],[-79.087555000134586,38.675715999873816],[-79.087355000118052,38.67601600026336],[-79.08725499966063,38.676316000096868],[-79.087155000101504,38.676616000075576],[-79.087054999644081,38.677015999727686],[-79.087054999644081,38.677415999949538],[-79.08695500008497,38.677816000039819],[-79.086854999627533,38.678215999998557],[-79.086755000068422,38.67871599978379],[-79.086654999611,38.679116000322864],[-79.086654999611,38.679516000028904],[-79.086555000051874,38.679916000304488],[-79.086454999594466,38.680416000134869],[-79.08634199961655,38.680915999978311],[-79.086454999594466,38.681415999834748],[-79.086402999715929,38.68162500007886],[-79.08635500003534,38.681816000009761],[-79.086254999577903,38.682116000076256],[-79.086155000018806,38.68231599988939],[-79.085855000443146,38.682715999942509],[-79.085646000205784,38.682914000246008],[-79.08555499996919,38.683315999686876],[-79.085522000357216,38.68338100003502],[-79.085354999952628,38.683715999760246],[-79.08495499991956,38.684115999701383],[-79.084655000343901,38.684516000211453],[-79.084542000366,38.68480799994326],[-79.084455000327353,38.685116000290215],[-79.084455000327353,38.685616000252423],[-79.084455000327353,38.686016000090774],[-79.084299999618338,38.686507000111675],[-79.084455000327353,38.686915999790372],[-79.084655000343901,38.687116000211965],[-79.084863999682966,38.687324999935925],[-79.08495499991956,38.687616000222427],[-79.085055000376983,38.688016000099068],[-79.085154999936108,38.688316000116714],[-79.085354999952628,38.688616000278778],[-79.085546999573268,38.688823999942528],[-79.085754999985724,38.688915999884102],[-79.086155000018806,38.689216000335016],[-79.086454999594466,38.689516000229155],[-79.086854999627533,38.689715999693462],[-79.08725499966063,38.68981499969469],[-79.087654999693711,38.68991500013054],[-79.087827000121152,38.690001000155171],[-79.088054999726779,38.69011499988175],[-79.088248999895555,38.690318999935478],[-79.088314000192867,38.690354999967013],[-79.088544000346644,38.690518999959579],[-79.088854999792957,38.690814999866745],[-79.089254999826039,38.691014999906571],[-79.089654999859107,38.691314999969684],[-79.089927999670593,38.691588000104808],[-79.090054999892189,38.691715000200396],[-79.090445999704443,38.692118999656628],[-79.090755000399255,38.692515000262347],[-79.090955000415789,38.692915000093592],[-79.091008999944165,38.693131999711269],[-79.091054999974915,38.693314999791539],[-79.091143999663359,38.693712999721555],[-79.091254999991435,38.694115000189875],[-79.091355000448885,38.694515000189028],[-79.091355000448885,38.695014999671628],[-79.091355000448885,38.695514999865907],[-79.091355000448885,38.696115000253116],[-79.091455000007983,38.696614999769217],[-79.091455000007983,38.697114999996643],[-79.091355000448885,38.697615000234322],[-79.091355000448885,38.698015000291491],[-79.091554999567094,38.698415000214844],[-79.091675999940932,38.698596999649808],[-79.091754999583642,38.698715000091468],[-79.092055000057599,38.698914999777486],[-79.092270999967667,38.699208000074378],[-79.092356000356489,38.699417999965036],[-79.092446999694758,38.699641999729621],[-79.092461999763387,38.699712000037941],[-79.092467999611159,38.699778999678038],[-79.092527999885633,38.700022000179324],[-79.092554999649806,38.700149000023394],[-79.092554999649806,38.700414999926423],[-79.092655000107229,38.700814999747159],[-79.09275499966634,38.701115000072392],[-79.092846999727854,38.701416999960593],[-79.092954999682874,38.701714999751616],[-79.092954999682874,38.702002000183199],[-79.09275499966634,38.702315000005235],[-79.092554999649806,38.702615000347357],[-79.092347000135661,38.702913000053449],[-79.092154999616724,38.70331499999012],[-79.09195499960019,38.703615000343255],[-79.091754999583642,38.703915000138792],[-79.091655000024531,38.704215000077788],[-79.091554999567094,38.704515000160235],[-79.091342000030082,38.704954000260273],[-79.091254999991435,38.705215000131304],[-79.091155000432323,38.70561499974194],[-79.091060999822687,38.705989000021034],[-79.09106599984554,38.70601899990244],[-79.090854999958353,38.706414999961396],[-79.090755000399255,38.706614999844426],[-79.090566000253361,38.706803999685924],[-79.090550000359841,38.706822000112112],[-79.090355000366159,38.707115000258995],[-79.090254999908737,38.707514999755524],[-79.090162999847223,38.707883999711072],[-79.090162000022318,38.707918999695352],[-79.089955000333077,38.708314999746001],[-79.089654999859107,38.708715000239849],[-79.08955500030001,38.709014999667367],[-79.089355000283462,38.709214999988326],[-79.089275999742441,38.709372999804188],[-79.089254999826039,38.709414999749747],[-79.089054999809491,38.710014999882986],[-79.089055999634397,38.710317000035637],[-79.088955000250394,38.71061499988744],[-79.088755000233832,38.710814999938158],[-79.088654999776423,38.711114999666123],[-79.088443000064316,38.711314999719974],[-79.088454999759875,38.711615000153536],[-79.088355000200764,38.711915000029052],[-79.088258000116383,38.712205000254137],[-79.088155000184216,38.71251500020891],[-79.088054999726779,38.71281499981221],[-79.087854999710245,38.713214999661346],[-79.087555000134586,38.713715000180315],[-79.08725499966063,38.714314999971563],[-79.08695500008497,38.714915000333896],[-79.086755000068422,38.715514999865348],[-79.086555000051874,38.716014999716215],[-79.086555000051874,38.716414999882211],[-79.086555000051874,38.716614999826731],[-79.086555000051874,38.716814999912415],[-79.086454999594466,38.717015000139448],[-79.086454999594466,38.717114999692626],[-79.086454999594466,38.717415000316315],[-79.086654999611,38.717714000198974],[-79.086858000000589,38.718120999805876],[-79.087054999644081,38.718613999861027],[-79.08725499966063,38.719113999760232],[-79.08725499966063,38.719613999665818],[-79.087241000315245,38.7199270001841],[-79.08725499966063,38.7201140002785],[-79.087052000169365,38.720317000123138],[-79.08695500008497,38.720414000228565],[-79.086755000068422,38.720814000305609],[-79.086654999611,38.721114000120615],[-79.086555000051874,38.721414000077928],[-79.086454999594466,38.721714000177634],[-79.086454999594466,38.722113999986739],[-79.086380999974608,38.722410000184198],[-79.086360000058221,38.722515999890433],[-79.086254999577903,38.722913999896441],[-79.086066000330348,38.723217999728533],[-79.085855000443146,38.723613999829439],[-79.085667999947091,38.723817000244416],[-79.085582999558284,38.724008999743731],[-79.08555499996919,38.724113999788308],[-79.085484999648983,38.724430999874428],[-79.085455000410064,38.724613999752599],[-79.085255000393531,38.725014000148441],[-79.08495499991956,38.725413999706667],[-79.084655000343901,38.725613999697316],[-79.084564999932212,38.72590000013394],[-79.084366999565489,38.726220000196633],[-79.084255000310819,38.726514000085949],[-79.083954999836862,38.726813999798708],[-79.083907000156287,38.726862999690496],[-79.083655000261203,38.727113999653405],[-79.083354999787232,38.727413999650025],[-79.083154999770699,38.727713999788598],[-79.083055000211573,38.728114000349819],[-79.082954999754136,38.72831399979065],[-79.08292200014219,38.728379999924783],[-79.082855000195039,38.728713999795815],[-79.082455000161957,38.729113999663845],[-79.082154999687987,38.729413999671934],[-79.081954999671453,38.72971399982179],[-79.081855000112341,38.730113999697103],[-79.081655000095793,38.730613999720447],[-79.081554999638371,38.731014000162702],[-79.081354999621823,38.731413999766751],[-79.081055000046177,38.731813999934161],[-79.080655000013095,38.732213999964046],[-79.080355000437436,38.732514000268452],[-79.080254999979999,38.73271400000506],[-79.080155000420888,38.733214000050019],[-79.080054999963465,38.733613999948709],[-79.079854999946932,38.734013999709681],[-79.079755000387806,38.734314000162655],[-79.079654999930369,38.734714000208072],[-79.079555000371272,38.735114000115708],[-79.079454999913835,38.735614000178614],[-79.079454999913835,38.736114000244989],[-79.079254999897302,38.736514000020307],[-79.07915500033819,38.736880999686413],[-79.07915500033819,38.736913999657538],[-79.079054999880753,38.737213999842318],[-79.078755000305094,38.737613999763475],[-79.078454999831123,38.737913999810807],[-79.078155000255478,38.738213999999317],[-79.07775500022241,38.738514000329083],[-79.077254999731878,38.738814000099367],[-79.076955000156232,38.739013999713265],[-79.076555000123165,38.739214000168467],[-79.076254999649194,38.739513999801034],[-79.075955000073535,38.739814000275423],[-79.075654999599564,38.740013999891566],[-79.075454999583016,38.74041400024624],[-79.075254999566468,38.740713999742638],[-79.074954999990823,38.741014000080703],[-79.074754999974289,38.741213999839516],[-79.074354999941193,38.741514000179137],[-79.074154999924673,38.741713999938959],[-79.073855000349013,38.742113999880104],[-79.073655000332465,38.742513999682608],[-79.073455000315917,38.743013999788154],[-79.073343000162936,38.743236999743203],[-79.073255000299397,38.743414000154388],[-79.073055000282835,38.743813999681223],[-79.07294300012984,38.744215000282288],[-79.072754999808865,38.744613999719711],[-79.072655000249767,38.745113999833869],[-79.072655000249767,38.745224999873322],[-79.072655000249767,38.745613999949796],[-79.072655000249767,38.746012999977005],[-79.072655000249767,38.746412999657359],[-79.072655000249767,38.746812999899184],[-79.072655000249767,38.747112999836006],[-79.072554999792331,38.747512999659143],[-79.072354999775769,38.747813000157628],[-79.072055000200152,38.748113000096176],[-79.071753999901262,38.74831300028896],[-79.071454000325602,38.748613000228254],[-79.071153999851632,38.74871299969432],[-79.070953999835083,38.748812999720961],[-79.07075399981855,38.748913000308086],[-79.070454000242904,38.749112999660909],[-79.070153999768934,38.749112999660909],[-79.069953999752386,38.749212999827868],[-79.069753999735838,38.749312999854702],[-79.06965400017674,38.749412999741459],[-79.069553999719304,38.749612999795353],[-79.069454000160178,38.74971299996249],[-79.069454000160178,38.749812999989544],[-79.069203000090013,38.750112999930799],[-79.069143999640474,38.75101000004647],[-79.06905400012711,38.751113000204519],[-79.068953999669674,38.751212999671587],[-79.068854000110562,38.751312999699216],[-79.068654000094028,38.751413000287279],[-79.068353999620044,38.751613000342573],[-79.068018999884302,38.751779999745771],[-79.067989999571978,38.75179399982904],[-79.067953999586962,38.751812999837533],[-79.06757299982047,38.752042999649909],[-79.067453999994768,38.752112999780763],[-79.067354000435657,38.752212999948711],[-79.066954000402589,38.75251300031254],[-79.066453999912071,38.753213000228143],[-79.066154000336411,38.753512999891996],[-79.065653999845907,38.75401300003255],[-79.064853999779757,38.754412999724906],[-79.064253999730127,38.754812999977823],[-79.063653999680511,38.755112999922332],[-79.062954000071755,38.755512999755055],[-79.06205400044648,38.756012999896207],[-79.06095399990636,38.756712999813487],[-79.060254000297618,38.757513000318859],[-79.059854000264536,38.75791300001088],[-79.059553999790566,38.758313000262987],[-79.059054000198373,38.758913000290384],[-79.058953999740936,38.759113000346005],[-79.058254000132195,38.759712999951958],[-79.057854000099127,38.759912999867034],[-79.057553999625156,38.760213000089749],[-79.057254000049497,38.760713000226737],[-79.057254000049497,38.761113000195628],[-79.057253000224591,38.761413000276946],[-79.057890000084129,38.761843000085378],[-79.057981000320737,38.761904000133391],[-79.058071999659006,38.761965999692421],[-79.058086999727621,38.761976000226319],[-79.059814999906465,38.763142000197561],[-79.065887000372726,38.767241000206283],[-79.071937000199355,38.771325000169981],[-79.080589999715741,38.777167000015815],[-79.081821999602042,38.777999000050904],[-79.081918999686437,38.778062999705469],[-79.084738000184572,38.779966000261879],[-79.092954999682874,38.785513000205448],[-79.094255000239556,38.786388000324273],[-79.097909999890575,38.788847000065147],[-79.098166999808527,38.789019999857885],[-79.098629999590798,38.789329999715306],[-79.103176000442886,38.792390999832271],[-79.10873400017492,38.796130999880596],[-79.108770999984856,38.796156000090214],[-79.110275999682599,38.797168999693355],[-79.110404999554049,38.79725500016113],[-79.11092799961078,38.797606999805609],[-79.111023999870255,38.797671999826306],[-79.111101999688046,38.79772499984233],[-79.111181000229081,38.797777999818983],[-79.11398200028556,38.799662000094557],[-79.116781999618823,38.801546000268623],[-79.118638999669102,38.802796000235467],[-79.12045800008454,38.804020000060063],[-79.124756000341193,38.80691199989154],[-79.129775999947896,38.810292999975907],[-79.132459000003607,38.812101000290752],[-79.132477000445277,38.812112999914987],[-79.134295999962404,38.813339999995172],[-79.134310000206099,38.81335000032486],[-79.134350000389077,38.813376000335545],[-79.13447000003967,38.813457000334857],[-79.134510000222647,38.81348399984752],[-79.137377000401358,38.815422999788929],[-79.137681999999899,38.815630000343326],[-79.137795999802719,38.815707999949808],[-79.142446000411852,38.818853000196235],[-79.151652999947132,38.825079999738001],[-79.151715999696322,38.825123000285799],[-79.161809000409804,38.831951000016268],[-79.175849999778919,38.841448999915926],[-79.176048000145656,38.841581999889662],[-79.176642000347499,38.841983999940453],[-79.176840999640817,38.842118999991143],[-79.177172999901828,38.842343999739654],[-79.177797000240886,38.842764000118592],[-79.177858000340251,38.842806999779263],[-79.181487999876921,38.845262000328908],[-79.186109999998664,38.84838900014352],[-79.186885999775384,38.848914000224518],[-79.195281000447238,38.854593999887349],[-79.200307999726633,38.857995000251243],[-79.202896000246113,38.859745000008466],[-79.20294499975158,38.859777999795611],[-79.216093999891356,38.868672999957553],[-79.216209000417393,38.868751000190613],[-79.216488000076652,38.8684900003122],[-79.216618999597912,38.868348000163394],[-79.216759000238312,38.86809699983705],[-79.216820000337677,38.867932999944884],[-79.216837000056131,38.867887000256871],[-79.21687600041416,38.867647000276797],[-79.216904000003268,38.866974999659206],[-79.216922000444924,38.866751999865656],[-79.216949000209112,38.866577999823228],[-79.216991999866821,38.866409999836442],[-79.217048999768238,38.866257000339857],[-79.217156999723258,38.86606499965545],[-79.217297000363658,38.865875000260054],[-79.217504999877789,38.865655999944074],[-79.217770000191663,38.865403999694358],[-79.218003999645092,38.865203999892884],[-79.21826499976099,38.865018999977821],[-79.218561999861919,38.864821999750767],[-79.219140000170228,38.864448000051098],[-79.21932000009528,38.864296000056001],[-79.219419999654406,38.86419399995993],[-79.219539000378404,38.864030999687778],[-79.219674000097626,38.863796999982618],[-79.219977000046313,38.863213999932277],[-79.220119000336553,38.862976000055383],[-79.22023599961409,38.862747999767052],[-79.220362000010795,38.862543000331634],[-79.220476999638507,38.862396000328225],[-79.220649999890867,38.862233999686985],[-79.220822000318336,38.862118000028673],[-79.221006000441335,38.862015000046853],[-79.22124499991763,38.861922999977672],[-79.221550000414467,38.861816000066817],[-79.222429000123341,38.861543999790719],[-79.222731000247151,38.861438000275761],[-79.2229460003323,38.861352999936834],[-79.223084000424549,38.861276999819282],[-79.223241999709984,38.861177000129942],[-79.223377000327517,38.861061999718764],[-79.223502000000977,38.86092300024476],[-79.223580999643701,38.860816999804051],[-79.223691999971791,38.860601999711619],[-79.223733999804594,38.860446000164821],[-79.22376300011689,38.860272999661916],[-79.223775999637382,38.860096999979859],[-79.223778000185519,38.86008199989142],[-79.223849000330617,38.859388999910536],[-79.223892999813245,38.859113000345097],[-79.223955999562435,38.858890999978165],[-79.22405000017207,38.858644999972],[-79.224132000187836,38.858471999984026],[-79.224277999777698,38.858231999700095],[-79.224481000167302,38.857957000156972],[-79.224554999787131,38.857858000312916],[-79.224717999993771,38.857634999904995],[-79.225255000294197,38.856947000112022],[-79.225738999992871,38.856315999704933],[-79.225939000009404,38.85606900024252],[-79.225933999986523,38.855985000125088],[-79.225959999925806,38.855786999705607],[-79.226060000383228,38.855419999713696],[-79.226076000276748,38.85536099994431],[-79.226106000413978,38.855294999753021],[-79.22625700002672,38.855154999844004],[-79.226821999916254,38.854761999811039],[-79.22720100003292,38.854476999993381],[-79.227251000261631,38.854428000297496],[-79.22730999981286,38.854336000206253],[-79.227346999622796,38.85425899991673],[-79.227422999790761,38.854008000220254],[-79.2274670001717,38.853942999845131],[-79.227582999624346,38.853818000086797],[-79.227820000349126,38.85358000024177],[-79.228028999688178,38.853391000044411],[-79.228200000290713,38.85327299988861],[-79.228343000405857,38.853191999715797],[-79.228484999797757,38.853129000061692],[-79.228711999578479,38.853044000284534],[-79.229278000191229,38.852871999650979],[-79.229406000237745,38.852819000095934],[-79.229520000040566,38.852754000033322],[-79.229729000277928,38.852543000217089],[-79.229787000004265,38.852450999786306],[-79.229824999639078,38.85234200022451],[-79.22983499968484,38.852214999657932],[-79.229737999600459,38.851900999701854],[-79.229678000224325,38.851756999895592],[-79.229631000368656,38.851404999919225],[-79.229586000162797,38.85121199999579],[-79.229641000414389,38.850997999961379],[-79.229874999867818,38.850612000180483],[-79.229996000241641,38.85027300004819],[-79.23003499970136,38.850115000078446],[-79.230064000013698,38.850076999971343],[-79.230135999983716,38.850017000239667],[-79.23033500017533,38.849894000036777],[-79.230549000435587,38.849793000001213],[-79.230838999965499,38.849693000254227],[-79.230939000422936,38.849644999794009],[-79.231038999982047,38.849575000260003],[-79.231104000279373,38.849510000031358],[-79.231372999892898,38.849101999984349],[-79.231531999901534,38.848944999954924],[-79.231732999742988,38.848783999899098],[-79.231904000345537,38.848665000049472],[-79.232032000392067,38.84860100013622],[-79.232624000045746,38.848237000103083],[-79.232844999978681,38.848114000320507],[-79.23331399960874,38.847879000252696],[-79.233571000425016,38.847740000198506],[-79.233906000160758,38.847530999726615],[-79.234156000406017,38.847358999754718],[-79.23429299977505,38.847207000312039],[-79.234298999622851,38.847196000072842],[-79.234329999584986,38.847136999778307],[-79.234361000445446,38.847005000163506],[-79.234414999973808,38.84681900000438],[-79.234496999989574,38.846623000205696],[-79.234697000006094,38.846229999907131],[-79.234772000349182,38.846039000202872],[-79.234910000441431,38.845569000274764],[-79.235162000336516,38.845023000044193],[-79.235226999735531,38.844672999934993],[-79.235280000337298,38.844536000222959],[-79.235398000338051,38.844280000059193],[-79.235478999630601,38.844122000072325],[-79.235856000097456,38.843655000225496],[-79.236092999923926,38.843323999799267],[-79.236147000350599,38.843248000006135],[-79.236261999978311,38.843160999968369],[-79.236333999948343,38.843090999651672],[-79.236461000169967,38.843037999805837],[-79.237395000130419,38.842777999831981],[-79.237841000194265,38.842640999969461],[-79.238088000066469,38.842578999899011],[-79.238216000112985,38.842520999806773],[-79.238458999787227,38.842371000193396],[-79.238835000429177,38.841926000062905],[-79.239000000285628,38.841769000289808],[-79.239443999801324,38.841407999831773],[-79.239566999824973,38.84128299973667],[-79.239739000252413,38.841131999759931],[-79.239874999796541,38.841030000025242],[-79.240330999906121,38.840767000137753],[-79.24061499958826,38.840639999897206],[-79.24104099956061,38.840464999772919],[-79.241232000254627,38.84039600016542],[-79.241465999708041,38.840334000237888],[-79.241925000190662,38.840231000193718],[-79.242370000429588,38.840106000130092],[-79.242596000385404,38.840059999933864],[-79.242724000431934,38.840001000018916],[-79.242859000151128,38.839920999996814],[-79.242973999778854,38.839840000013957],[-79.243117999718905,38.8397049998377],[-79.243176000343539,38.83961799966616],[-79.24321300015346,38.839520000061341],[-79.243229999871886,38.839405000317214],[-79.243177000168458,38.839282999837955],[-79.243095000152692,38.839188999991279],[-79.242950000387737,38.839082000163614],[-79.242936999968933,38.839053999979434],[-79.242952000037562,38.839026999666437],[-79.243182000191325,38.838783000001449],[-79.243326000131376,38.838642999781541],[-79.243547999889216,38.838470000123927],[-79.243990999580006,38.838186000000597],[-79.244267999589439,38.838041999721838],[-79.244303999574441,38.838031000164783],[-79.245307999855115,38.838316000099141],[-79.245818000391367,38.838427999832184],[-79.245866999896847,38.838427999832184],[-79.245895000384252,38.838418000225552],[-79.245994999943363,38.838348000140833],[-79.246170999670468,38.838053999872834],[-79.246329999679133,38.83787500009295],[-79.246762000397581,38.837436999866512],[-79.246827999621502,38.837339000057085],[-79.246844000413333,38.837244999741777],[-79.246835000192505,38.836967999705891],[-79.246831999819463,38.836887999772763],[-79.246856999933826,38.836740000009236],[-79.246844000413333,38.836684999801165],[-79.246824000321851,38.83665199979589],[-79.246701000298216,38.836501999706272],[-79.246062999715434,38.835898999906462],[-79.245977000400032,38.835661000289775],[-79.245862999698886,38.835462000046327],[-79.245804000147672,38.835262999946259],[-79.245723999781731,38.83510800004192],[-79.24570200004041,38.834860999713477],[-79.245705000413466,38.834746000137834],[-79.245782000406351,38.834449999791275],[-79.245887999813249,38.834160999967345],[-79.245969000004109,38.833997000187047],[-79.246026999730418,38.833898999839256],[-79.246410000045088,38.833475999738859],[-79.246497999908627,38.833340000123776],[-79.246550999612055,38.833153999931035],[-79.246692000077374,38.832859999899078],[-79.246722000214604,38.832761000114907],[-79.246734999735082,38.832552999702649],[-79.246830999994543,38.832340000201519],[-79.246811999727981,38.832274000344988],[-79.246692000077374,38.831996999855789],[-79.24666600013812,38.83190400016472],[-79.246644000396799,38.831655999928103],[-79.246668999612837,38.831491999974176],[-79.246729999712215,38.831299999906435],[-79.246781999590738,38.831186000167861],[-79.246856000108906,38.831049999676232],[-79.247008000444879,38.830859999809753],[-79.247445000287868,38.830515000026459],[-79.247889999628484,38.830378999652389],[-79.248379000248349,38.830199000157357],[-79.248852000076369,38.830118000306079],[-79.249050000443063,38.830065999903738],[-79.24917000009367,38.830013000154345],[-79.24926299998009,38.829959999665675],[-79.249343000346045,38.829873000177621],[-79.249365000087337,38.829796000003078],[-79.249359000239565,38.829768999676766],[-79.249177999591268,38.829721999784113],[-79.249156999674881,38.829694000116241],[-79.249165999895723,38.829617999762505],[-79.24924899973638,38.829393999684278],[-79.249269999652782,38.829371999994763],[-79.249334000125202,38.829346000225655],[-79.249461000346813,38.829330999950812],[-79.249589000393343,38.829282999749893],[-79.249767999595164,38.82914299973713],[-79.250010000342826,38.829004000171807],[-79.250159000305729,38.828940000069309],[-79.250858999914456,38.828730999661715],[-79.251108000334824,38.828625000235043],[-79.251604999553962,38.828395999673845],[-79.25166099963046,38.828380999898648],[-79.251765000285829,38.828346000177611],[-79.251886999586262,38.828304000209684],[-79.251972999799975,38.828274999950793],[-79.252043999945087,38.828226999737652],[-79.252310000083881,38.827988999660647],[-79.252387999901671,38.827940999954514],[-79.252608000009715,38.827850999980832],[-79.253208999884237,38.827689999782983],[-79.253381000311691,38.827554999653707],[-79.253589999650742,38.827337999707794],[-79.253704000351874,38.827251999862256],[-79.254117999730354,38.827010999871831],[-79.254196000446484,38.826946000025153],[-79.254260999845485,38.826881000119073],[-79.254456999664072,38.826615000261953],[-79.254515000288706,38.826560999985418],[-79.254783000077296,38.826498999902583],[-79.254860999895101,38.826467000132112],[-79.254918999621424,38.826401999788757],[-79.254993000139592,38.826254999977614],[-79.254988000116711,38.826215999662594],[-79.254952999956615,38.826074999852644],[-79.254948999758653,38.826048000214527],[-79.254942999910881,38.82596599977348],[-79.254911000123826,38.825696999788512],[-79.25490899957569,38.825626999789662],[-79.254911000123826,38.82558400024611],[-79.25495399978152,38.825518999796429],[-79.255120000361188,38.825366999891273],[-79.255149999600107,38.82527399993657],[-79.255086999850917,38.824960000057651],[-79.255105000292573,38.824807000276792],[-79.255101000094612,38.824686000052573],[-79.255082999652956,38.824587000097964],[-79.255034999972381,38.824515000235351],[-79.254947000108842,38.824403000304372],[-79.254844000176675,38.824302999867179],[-79.254788999925083,38.824230999717379],[-79.254769999658507,38.824169999795934],[-79.254778999879349,38.824066000061748],[-79.254849000199528,38.823787000334079],[-79.254820999712138,38.82349500030864],[-79.254829000108046,38.82344600027097],[-79.254845000001581,38.8234020000084],[-79.254947000108842,38.823228000294279],[-79.254933999690053,38.822908999947387],[-79.25492199999448,38.822810000321361],[-79.254835999780767,38.822584000291783],[-79.254824000085179,38.822500999946008],[-79.254820999712138,38.822375000121497],[-79.25485800042037,38.822259999970449],[-79.254923999644305,38.822145000333492],[-79.255111999965266,38.821913999679985],[-79.254880999986597,38.821744999754259],[-79.254828000283126,38.821689999857547],[-79.25474899974212,38.821583999745982],[-79.254480000128595,38.821122999782425],[-79.254306999876235,38.820811000070563],[-79.254251999624657,38.820685000055107],[-79.254229999883336,38.820617999750596],[-79.254184999677506,38.820484999795028],[-79.254125000301372,38.820245000141199],[-79.253994999706705,38.81985599965504],[-79.253972000140479,38.819814999730077],[-79.253910000216209,38.819736000269067],[-79.253735000314009,38.819577000228747],[-79.253623999985933,38.819506999812312],[-79.253418999946533,38.819418999991122],[-79.253150000333008,38.819327000125377],[-79.251831000408089,38.818811999693807],[-79.251734000323694,38.818773000201183],[-79.25167800024721,38.818748999695217],[-79.251401000237763,38.818633999987306],[-79.251115999832408,38.818508000319326],[-79.250930000059569,38.818410000345736],[-79.250766999852956,38.818317999876342],[-79.250463000079336,38.81812199997119],[-79.250315999766244,38.81803299966122],[-79.250129999993419,38.81790499997193],[-79.24990900006047,38.817659000327772],[-79.249760999922458,38.817525000260808],[-79.249555000058152,38.817359000277463],[-79.249425000361811,38.817243999724802],[-79.249206999903606,38.816985000204141],[-79.249141999606252,38.816915000039614],[-79.24906200013865,38.816846000000069],[-79.248899999756929,38.816718999772796],[-79.248831999984873,38.816646000156908],[-79.24876199966468,38.81654700022272],[-79.248515999617382,38.816156000127329],[-79.248396999791709,38.815999000204606],[-79.248279999615832,38.815857999760603],[-79.248124999805128,38.815706000230215],[-79.247760999757062,38.815393999883035],[-79.247272999860428,38.815005999716192],[-79.247211999761049,38.814951999734653],[-79.247070000369149,38.81482199966311],[-79.246953000193301,38.814690000306008],[-79.246856000108906,38.814565000185588],[-79.246783000313982,38.814424999930232],[-79.24672800006239,38.814285000099694],[-79.246697999925161,38.81410100028382],[-79.246708999795814,38.813966000287792],[-79.24674399995591,38.81380599972784],[-79.246809000253251,38.813661000287944],[-79.2469320002769,38.813453000069146],[-79.247061999973241,38.813166999738975],[-79.247138999966126,38.812981000038711],[-79.247179999974009,38.812839999919618],[-79.247220000156986,38.812676000020815],[-79.247260000339963,38.812410000295394],[-79.247302999997643,38.812195000209748],[-79.247451000135669,38.811270999792761],[-79.247503000014206,38.810715000341375],[-79.247486000295766,38.81057799966409],[-79.247457999808361,38.810453000027202],[-79.247390000036305,38.810235000174849],[-79.247322000264234,38.810130000100997],[-79.247255000317082,38.810065000244435],[-79.247142000339181,38.809990000228503],[-79.246984999980356,38.809934000062441],[-79.246796999659367,38.80987900014398],[-79.246615000084475,38.809846999904657],[-79.24619400013502,38.809807999702855],[-79.246133999860547,38.80978899974042],[-79.246097000050625,38.809755000273945],[-79.246085000355066,38.809710999952017],[-79.246095000400814,38.809671000081245],[-79.246091000202853,38.809576000035605],[-79.246123999814813,38.809506000289353],[-79.246163000172857,38.809461999813685],[-79.246203000355834,38.809444000056679],[-79.246449000403132,38.809444000056679],[-79.246724999689334,38.809431999982834],[-79.247005000071823,38.809386999862845],[-79.247261999989774,38.809311000233542],[-79.247369999944794,38.809252000032501],[-79.247461000181417,38.80916600004344],[-79.247560999740514,38.809016000139621],[-79.247616999816998,38.808878999694841],[-79.247657999824895,38.808714999776576],[-79.247668999695563,38.808594999819107],[-79.24765600017507,38.808483000049812],[-79.247616999816998,38.808396000219965],[-79.24756400011357,38.808316999992797],[-79.247477000074923,38.808229000345477],[-79.247369999944794,38.808144999753381],[-79.247256999966908,38.808084000053078],[-79.247031999835997,38.807998999672044],[-79.246732000260337,38.807910000012633],[-79.246328999854214,38.807801000128897],[-79.245779000033295,38.807614999717373],[-79.245644000314087,38.80752600027828],[-79.245560999575105,38.807435000076133],[-79.245503999673687,38.807298999718931],[-79.245455000168207,38.807147000124232],[-79.245404000114576,38.807033999846986],[-79.245234000235271,38.806800999911253],[-79.245153000044425,38.806652999901871],[-79.245108999663486,38.806525000062074],[-79.2451179998843,38.806414999819083],[-79.245170999587756,38.806270999677054],[-79.24529399961142,38.806077999856726],[-79.245337000167424,38.805974000302598],[-79.245363000106707,38.805869000248705],[-79.245363000106707,38.80575899969292],[-79.245336000342533,38.805672999687431],[-79.245260999999445,38.805579000262718],[-79.245169999762865,38.805505000077261],[-79.245044000264471,38.805434000177073],[-79.244901000149341,38.805385000313215],[-79.244491000070511,38.805318999971767],[-79.244243000373402,38.805284999772034],[-79.244058000425483,38.805251999912663],[-79.243864000256707,38.805200999909069],[-79.243533999645507,38.805067999865088],[-79.243418000192875,38.805036999924432],[-79.243320000283589,38.80502200012895],[-79.243239000092728,38.805020000109309],[-79.242301999759221,38.805118000305484],[-79.241806000364988,38.805153999900803],[-79.241314000270393,38.805176999729994],[-79.241173999629993,38.805165000337453],[-79.241069000048,38.805135000097223],[-79.241036000436054,38.805120000322376],[-79.240983999659207,38.805082999650885],[-79.240910999864255,38.805001000270003],[-79.240638999877689,38.804536000006749],[-79.240573999580363,38.804386000155148],[-79.240531999747574,38.804259999783795],[-79.240520999876921,38.804186000328528],[-79.240519000227096,38.804118999904055],[-79.240528000447938,38.8038390000604],[-79.240523000425057,38.803787999745389],[-79.240509000181348,38.803732999982472],[-79.240478000219213,38.803663999774386],[-79.240419999594593,38.80358499990048],[-79.240339000302029,38.803503000195732],[-79.240210000430622,38.803417000267338],[-79.240052000246877,38.803329999851634],[-79.239873999971635,38.803265999775739],[-79.239704000092317,38.803212999680305],[-79.239595000312377,38.803158000173568],[-79.239457000220114,38.803076999664512],[-79.239345999892038,38.802986000080345],[-79.238803999568731,38.802477999774176],[-79.238642000085335,38.80231500022041],[-79.238528000282514,38.802164000193685],[-79.238462000160283,38.802064999733638],[-79.238300999603496,38.8018140000651],[-79.238175000105116,38.80157700032796],[-79.238078999845641,38.801382000272135],[-79.238046000233666,38.801280000288905],[-79.238042999860625,38.801144999798275],[-79.238062999952106,38.800971000313304],[-79.238094999739161,38.800821999676344],[-79.238156999663445,38.800648999823885],[-79.238252999922892,38.800436000096362],[-79.238336999588483,38.800234999956992],[-79.238402999710743,38.800060999650164],[-79.238453999764374,38.79983899987306],[-79.238488999924456,38.799628999731233],[-79.238497000320379,38.79947199978767],[-79.238484999726509,38.799353000103913],[-79.238452999939454,38.799239000326331],[-79.238385999992303,38.799088999825351],[-79.238344000159501,38.799027000328877],[-79.238251000273081,38.798877999827731],[-79.23815599983854,38.798708999850227],[-79.238081000393777,38.798540000172025],[-79.238035000363013,38.798394000011356],[-79.238017999746262,38.798280000099972],[-79.238022999769143,38.798186000023563],[-79.238052999906373,38.798088999851934],[-79.238124000051485,38.797964000006303],[-79.238225000333813,38.797844999904754],[-79.238334000113753,38.797750999954708],[-79.238418999604249,38.797680999792163],[-79.238558000419744,38.797612999788463],[-79.238741999644446,38.797537000201814],[-79.238893999980419,38.797487999808077],[-79.239063999859738,38.797448999842125],[-79.239258000028471,38.797436000082122],[-79.239361999785558,38.797424000086103],[-79.239417999862042,38.797405000321689],[-79.239452000197247,38.797378000316094],[-79.239457000220114,38.797342000292687],[-79.239442999976404,38.797291999996695],[-79.239401999968536,38.79725500016113],[-79.239157999571049,38.797143000068779],[-79.238867000216231,38.79702000020842],[-79.238631000214681,38.796927000343814],[-79.238433999672864,38.796879000004822],[-79.238134000097219,38.796832000108388],[-79.238067999974987,38.796801999860314],[-79.237985999959221,38.796757000164682],[-79.237950999799111,38.796707999934803],[-79.237946999601149,38.796656000339873],[-79.237963000393009,38.796585999801941],[-79.238082000218682,38.796321999775131],[-79.238258999770693,38.795993999864621],[-79.238417999779358,38.79573299981584],[-79.238488999924456,38.795584999921445],[-79.238518000236766,38.795489999997592],[-79.238529999932339,38.795422999798276],[-79.238528000282514,38.795380000222373],[-79.238492000297512,38.795281000139482],[-79.238430000373228,38.795210999651374],[-79.238324999892924,38.79511400033163],[-79.237990999982074,38.794853999663268],[-79.237836999996304,38.794720000106373],[-79.237713000147735,38.794642999729746],[-79.237610000215568,38.79459599975899],[-79.237514999781013,38.794569999895948],[-79.237409000374129,38.794565999970033],[-79.236980000028723,38.794616999883843],[-79.236933000173067,38.794628999652325],[-79.236884999594167,38.794630999963616],[-79.236836999913578,38.794623000118406],[-79.236815000172285,38.794615000272259],[-79.236774999989322,38.794591999834537],[-79.236744999852093,38.794562000043889],[-79.236727000308747,38.794525999998385],[-79.236722000285866,38.794488000319653],[-79.236729999783464,38.794450999728518],[-79.236739999829226,38.79443000025497],[-79.236871000248783,38.794333999682038],[-79.236960999762147,38.794254000156066],[-79.23703799975506,38.794165999943694],[-79.23709600037968,38.794031999793454],[-79.237156999580733,38.793868000008715],[-79.237174000197484,38.793759000348651],[-79.237179000220351,38.793606999876317],[-79.237175999847324,38.793421000220796],[-79.237181999695096,38.793307999880604],[-79.237196999763711,38.793230000253857],[-79.237232999748713,38.793155000020569],[-79.237273999756596,38.793098000098617],[-79.237364999993204,38.793028000267192],[-79.237518999978974,38.792932999735818],[-79.237652999873276,38.792876000336456],[-79.237749000132752,38.792845999823562],[-79.23788399985196,38.792823000215293],[-79.238189000348797,38.792812999804966],[-79.238242000052267,38.79280499975571],[-79.238292000280964,38.792786999991648],[-79.238334000113753,38.792760000337125],[-79.238366999725727,38.792725999746239],[-79.238387999642114,38.79268699997516],[-79.238396000038037,38.792644999982407],[-79.23839000019025,38.79260299996492],[-79.238371999748608,38.792563000291956],[-79.238340999786473,38.792526999936989],[-79.238211000090118,38.792432999974679],[-79.238046000233666,38.792346000152328],[-79.237894999722627,38.792289000283567],[-79.237734000064137,38.792265999795397],[-79.237524000001855,38.79226800017301],[-79.237171999649362,38.792283999691023],[-79.236775999814228,38.792285000229647],[-79.236550999683331,38.79229999990558],[-79.236309999658914,38.792334999837237],[-79.236190999833212,38.79236700023985],[-79.236085000426328,38.792410000233147],[-79.236203000427096,38.792200999745674],[-79.236257999780364,38.792077999758561],[-79.236261000153419,38.792046999768218],[-79.236256000130538,38.792027000128606],[-79.236237999688882,38.792014999922074],[-79.236211999749614,38.792015999764331],[-79.236162000419213,38.792035000265173],[-79.236050000266232,38.792190999948154],[-79.235958000204704,38.79226800017301],[-79.235836999830894,38.792343999776904],[-79.235708999784364,38.792411999906534],[-79.2354579997142,38.792513999979406],[-79.234962000319968,38.792732000139992],[-79.234866000060507,38.792794000211622],[-79.234741000387018,38.792887999697868],[-79.234645999952477,38.79298700030396],[-79.234645999952477,38.793017000057347],[-79.234669000417014,38.793014999700752],[-79.234760999580203,38.792975000259041],[-79.234897999847561,38.79294300012937],[-79.235019000221385,38.792938000282831],[-79.235041999787597,38.792950000333981],[-79.234903999695334,38.793013000044276],[-79.234630999883862,38.793255999905533],[-79.234461000004558,38.793425000210966],[-79.234307000018759,38.793542000349227],[-79.234141000337402,38.793656999956909],[-79.233773000091389,38.793818000076136],[-79.233450999876098,38.79390600001804],[-79.233292999692367,38.793933999753989],[-79.233181000437668,38.793931000307964],[-79.233162999995997,38.793931000307964],[-79.233030999751534,38.793913999943726],[-79.232947999910849,38.793886000199912],[-79.232879000313886,38.793840000246831],[-79.232836999582773,38.79377600004964],[-79.232782000229491,38.793642999685815],[-79.232702999688485,38.793485999858177],[-79.232593999908531,38.793319000045543],[-79.232302999655388,38.792963000212097],[-79.232111000034763,38.792757000141464],[-79.231921999888883,38.792565999795613],[-79.231733999567908,38.792395999717129],[-79.231618999940181,38.792280000336952],[-79.231468000327425,38.792358000303132],[-79.231382999938631,38.792393000206367],[-79.231305999945747,38.79240500034927],[-79.231233999975714,38.792402000138658],[-79.231162999830602,38.792385000109981],[-79.231104000279373,38.792343999776904],[-79.231071999594008,38.792294000175573],[-79.23102800011138,38.792041999858817],[-79.231002999997031,38.791978999990512],[-79.230932999676824,38.791915000222851],[-79.230580000397737,38.791616000131349],[-79.230546999887437,38.791562999773575],[-79.230534000366973,38.791510000076464],[-79.230529000344106,38.791458000190097],[-79.230536000016812,38.791421000126633],[-79.230587000070415,38.791346999942107],[-79.230756999949733,38.791191999666211],[-79.230792999934749,38.791122000063545],[-79.230843000163446,38.791075999727113],[-79.230739000406388,38.790902000164699],[-79.230633000101164,38.79076099976109],[-79.230532999643742,38.790668000131795],[-79.230413999818069,38.7905960002903],[-79.230203999755787,38.790492999709876],[-79.230125999937968,38.790474000198351],[-79.230052000318125,38.79044599980346],[-79.229986000195879,38.790408999914916],[-79.229927999571245,38.790362999818534],[-79.22988099971559,38.790310999795601],[-79.229844999730574,38.790253999699992],[-79.229822000164361,38.790192000219847],[-79.229812000118628,38.790129000116856],[-79.229812999943519,38.7900779997927],[-79.229777999783423,38.789947999844749],[-79.229716999684058,38.789798000094983],[-79.229631000368656,38.78967299971228],[-79.229549000352876,38.789601000266188],[-79.22942499960601,38.789535999886937],[-79.229043000014585,38.789437000089457],[-79.228550000095083,38.789379000115979],[-79.228384000413726,38.789346999772413],[-79.228216000184247,38.789290000306359],[-79.228073000069116,38.789206999675699],[-79.227960999916121,38.789115999885546],[-79.227666000363342,38.788855999744939],[-79.227522000423292,38.788723999892355],[-79.22735800039176,38.788549000299838],[-79.227216000101535,38.788372999684171],[-79.227093999902806,38.788202000213452],[-79.227005000214348,38.788005000175595],[-79.226927000396543,38.787692999652258],[-79.226894999711178,38.787633999756622],[-79.226851000228564,38.787580000034808],[-79.226795999976972,38.787531999703177],[-79.226732000402876,38.787491999985633],[-79.226697000242766,38.787475000186362],[-79.22649499967811,38.787327999858711],[-79.226317000301179,38.787180999928133],[-79.226169000163168,38.787035000306822],[-79.226070000428976,38.786900000141507],[-79.225966999598484,38.786704999840481],[-79.225855000343827,38.78646399989497],[-79.225793000419529,38.786259999795455],[-79.225764000107205,38.786064999844641],[-79.225725999574067,38.785774999793233],[-79.225703000007854,38.785684999754714],[-79.225667000022838,38.785598000099725],[-79.225617999619047,38.785514000138917],[-79.225558000242899,38.785434999751978],[-79.22548600027288,38.785362000291677],[-79.225359999876176,38.785265000173723],[-79.22521500011122,38.785181999758656],[-79.225124999699545,38.785119000129981],[-79.225045000231901,38.785048000226105],[-79.224974999911709,38.784969999964176],[-79.224917000185386,38.784886999905943],[-79.22487100015465,38.784799999977423],[-79.22483799964435,38.784709000163978],[-79.224816999727963,38.784614999696061],[-79.224810000055271,38.784520999804471],[-79.224816999727963,38.784425999840302],[-79.224836999819445,38.784333000349775],[-79.22487000032973,38.784241999940313],[-79.22491600036048,38.784153999972503],[-79.224964999865961,38.784081999854429],[-79.225180999776029,38.783827000047772],[-79.225249000446411,38.783779999948138],[-79.225294999578864,38.783731999859143],[-79.22532999973896,38.783679999901345],[-79.225352000378564,38.783623000105955],[-79.225360999701081,38.783564000343539],[-79.2253559996782,38.78350399987044],[-79.225338999959789,38.78344699993437],[-79.225307999997639,38.783391999879186],[-79.225266000164837,38.783343000265361],[-79.225016999744497,38.783143000206252],[-79.224861999933808,38.783025999806554],[-79.224950999622266,38.782916999674391],[-79.225094999562302,38.782714999875559],[-79.225478999701863,38.782127000206032],[-79.225667999847758,38.781857999925734],[-79.225879999559865,38.781579000145669],[-79.226011999804328,38.78137800004928],[-79.226103000040922,38.781196999968969],[-79.226164999965206,38.781041000037924],[-79.226188000429744,38.780902999733641],[-79.226201999775128,38.780722999848848],[-79.226195999927342,38.780583000324576],[-79.226154999919473,38.780407999657442],[-79.225933999986523,38.779908000286831],[-79.225786999673431,38.779440000114221],[-79.225709999680547,38.779215999794751],[-79.225660000350146,38.779118999719451],[-79.225603000448743,38.779010999942464],[-79.225565999740482,38.778898999897187],[-79.225523000082802,38.778751000067821],[-79.225472999854077,38.778581999991161],[-79.22545199993769,38.77846799990801],[-79.225458999610368,38.778378999784032],[-79.225487999922706,38.778304000033934],[-79.225560999717629,38.778208000154677],[-79.22571899990136,38.77805900025394],[-79.225867000039372,38.777962000005587],[-79.225919999742828,38.777937999757697],[-79.226009000329597,38.777919999741599],[-79.226101000391097,38.777925999980887],[-79.226158000292514,38.777942999955918],[-79.226210000171051,38.777969000280621],[-79.226374000202583,38.77808499983604],[-79.226466000264082,38.77813500029864],[-79.226579000242012,38.778183999989629],[-79.226698000067685,38.778225000062477],[-79.22682100009132,38.778254999725078],[-79.226948000312944,38.778274999726605],[-79.22707600035946,38.778285000075378],[-79.227206000055801,38.778284000040593],[-79.227334000102317,38.778272999656636],[-79.227459999600697,38.778251000284378],[-79.228149000237096,38.778072000046201],[-79.229053999885238,38.777847000291032],[-79.229403999689609,38.777742000115687],[-79.229647000262162,38.777642000005066],[-79.229910999852819,38.777483999908618],[-79.230192999885119,38.777289999816766],[-79.230388999703706,38.777132999691815],[-79.230987999928402,38.776620999773442],[-79.231688000435469,38.776035999777584],[-79.231853000291906,38.77589899966091],[-79.232295999982696,38.775510000057643],[-79.232454000166442,38.775398000116979],[-79.232583999862769,38.775337999776269],[-79.232705000236606,38.775311999893042],[-79.233454000249154,38.77531500012249],[-79.234081999887863,38.775311999893042],[-79.234598000271902,38.775317000275365],[-79.234770999625951,38.775328999790801],[-79.235358000155074,38.775418000219304],[-79.235809000241801,38.775491000055084],[-79.235898999755165,38.775523000314472],[-79.23605799976383,38.775561000297472],[-79.236318000054837,38.775658000309775],[-79.236347000367132,38.775668999696336],[-79.236656999988526,38.775805000185201],[-79.237570000032605,38.776241999841005],[-79.237779000269967,38.776319999845704],[-79.237946999601149,38.776366999959983],[-79.238119999853524,38.776396999703856],[-79.238324000068019,38.776399999887616],[-79.238734000146835,38.776398999826398],[-79.239519999969318,38.776409999799014],[-79.239865999575727,38.776376999876014],[-79.240465999625343,38.776269000148552],[-79.240618999786207,38.776252999837837],[-79.240780000343008,38.776246000094709],[-79.241003999750674,38.776279000078318],[-79.241310999897337,38.776340999751582],[-79.242066999582576,38.776544000157124],[-79.242358999660624,38.776599999950001],[-79.242603000058097,38.776609999833362],[-79.242823999991032,38.776628000180104],[-79.243239000092728,38.776681999792437],[-79.243552999912083,38.77669800000691],[-79.243783999890766,38.776688000135941],[-79.244322999841017,38.776619999715265],[-79.244569999713235,38.776571999708921],[-79.244748999813368,38.776555000107429],[-79.2448209997834,38.776555000107429],[-79.24492999956334,38.776577000002902],[-79.245090000295221,38.776632999769831],[-79.245056999784964,38.776532000145764],[-79.245055999960044,38.776441000285779],[-79.245067999655603,38.776382000183666],[-79.24529399961142,38.776072000055912],[-79.245368000129574,38.775971000337805],[-79.245589000062509,38.775650999807908],[-79.245809000170539,38.775321999956994],[-79.246263999556888,38.774684000212631],[-79.246487999862865,38.774356000193229],[-79.246938999949592,38.773735999888231],[-79.24710499963092,38.773556000123158],[-79.247272000035508,38.773400999689166],[-79.247447999762613,38.773264000114025],[-79.247682999939258,38.773123999954322],[-79.248343000263333,38.772883999741659],[-79.248792999626815,38.772713999656901],[-79.249052999917822,38.772621000300077],[-79.249236000215916,38.772536999760213],[-79.249823999671648,38.772243000243158],[-79.250151999734712,38.772064000334417],[-79.250939000280397,38.771666999806477],[-79.251393999666746,38.771422000339939],[-79.251837000255861,38.771186999975221],[-79.251997000089432,38.771081999800465],[-79.252207999976619,38.770959999936885],[-79.252428000084635,38.770850000133663],[-79.252623000078316,38.770766000309749],[-79.252658000238426,38.770751999745841],[-79.252741000079098,38.770727999873309],[-79.252950000316474,38.770676999679665],[-79.253522999703591,38.770583000325878],[-79.25386500001035,38.770538000189063],[-79.254209999791868,38.770505999794352],[-79.254644000160127,38.770514999687933],[-79.254735000396735,38.770513000100792],[-79.254848000374636,38.770498000043624],[-79.255815999771983,38.770230000171445],[-79.256005999742769,38.770170999834363],[-79.256169999774315,38.770108000251561],[-79.256365999592873,38.770016999899902],[-79.256568999982477,38.769945999668018],[-79.256729999640953,38.769873999913209],[-79.256851000014763,38.769807000153868],[-79.256991999581771,38.769712999653706],[-79.257121000351518,38.769609000267351],[-79.257201999644053,38.769528000155404],[-79.257292999880647,38.769453999661444],[-79.257369999873561,38.769401999798426],[-79.25742699977495,38.769383000270032],[-79.257488999699234,38.769377000012447],[-79.257548999973693,38.769387000208049],[-79.257603000400366,38.769409999672071],[-79.257699999586436,38.76949200007612],[-79.257795000020977,38.769591000250415],[-79.257856000120356,38.769672000290875],[-79.257943000158988,38.769768999906979],[-79.258065000357732,38.769866000091596],[-79.258173000312752,38.769930000040105],[-79.258291000313548,38.769982000218597],[-79.258434000428664,38.770024000254331],[-79.258594000262235,38.77005899991498],[-79.258850000355267,38.770099000306587],[-79.259000000143104,38.770135000079556],[-79.259142000433314,38.770184999811946],[-79.259376999711648,38.770274999802155],[-79.25957099988041,38.77033799993788],[-79.259818999577533,38.770403000308626],[-79.259857000110671,38.770417999685435],[-79.259946999624063,38.770464000042452],[-79.26002600016507,38.770521999993534],[-79.260102000333063,38.770602999677244],[-79.260149000188719,38.770678999962655],[-79.260307000372464,38.770937000272205],[-79.26045899981014,38.771146000058764],[-79.260540999825878,38.771199000185462],[-79.260635000435542,38.771241000205009],[-79.260714999903172,38.771263999771676],[-79.260820000383461,38.771282000066869],[-79.260905999698863,38.771284999765435],[-79.260991999912605,38.77127700010206],[-79.261097000392908,38.771253999839196],[-79.261156999769042,38.771232999836364],[-79.261249999655462,38.771189000243851],[-79.261330000021388,38.771134999974713],[-79.261408999664113,38.771080999664633],[-79.261805000397544,38.770782999890194],[-79.262332999578831,38.77039999987263],[-79.262694999977086,38.770150000213057],[-79.263052000352474,38.769921000072671],[-79.263281999607912,38.769780999655353],[-79.263445999639444,38.769666000057548],[-79.263597000150497,38.769541000101746],[-79.263732999694625,38.769405000276457],[-79.264266999622023,38.768776000250917],[-79.264634999868036,38.768314000221608],[-79.264962000106181,38.76792200003657],[-79.265305000237859,38.767539000067984],[-79.265461999698374,38.767381000004889],[-79.265551000285157,38.767300000164923],[-79.265798999982266,38.767091999808692],[-79.267029000218741,38.766182999729779],[-79.267223000387503,38.766019999832594],[-79.267317000098828,38.765927000154129],[-79.267369999802298,38.765874999821619],[-79.267505000419803,38.765721999930122],[-79.26762599989533,38.765562000319846],[-79.267716000307004,38.765409999972448],[-79.267813000391399,38.765213000008188],[-79.267892000034109,38.765012000017315],[-79.26795399995838,38.764801000024079],[-79.268026999753303,38.764587999653671],[-79.268117999989911,38.764379999796347],[-79.268224000295135,38.764176000263319],[-79.268426999786399,38.763845000247024],[-79.268636999848695,38.763474999757157],[-79.268713000016675,38.763367999651628],[-79.268821999796614,38.7632410000775],[-79.268945999645155,38.763122999702546],[-79.269082000087622,38.763013999972273],[-79.26983100010014,38.762355000305931],[-79.27013300022395,38.76209300013489],[-79.270246000201851,38.76201699980902],[-79.27044200002041,38.761899000211805],[-79.270648999709664,38.761791999844419],[-79.271046000268015,38.761620000109062],[-79.271770000166185,38.761294000108407],[-79.271816000196949,38.761274000248967],[-79.271874999748164,38.761253000110358],[-79.271935000022623,38.761233999812781],[-79.272010000365697,38.761215999784341],[-79.272264999735526,38.761176000016121],[-79.272459999729193,38.761159000247943],[-79.272559000361682,38.761157999973001],[-79.272617000088019,38.76115600012362],[-79.272656000446077,38.76115600012362],[-79.272851000439744,38.761169000194457],[-79.272932999557185,38.761184999685746],[-79.273072000372679,38.761200000300008],[-79.273185000350594,38.76120200014816],[-79.273324000267763,38.761192000206279],[-79.273460999636796,38.761167000345374],[-79.273561000094233,38.761131000250046],[-79.273652000330827,38.761082000052291],[-79.273730000148632,38.761022000278899],[-79.273804999593366,38.760936000235525],[-79.274001000310278,38.760604000317549],[-79.274226000441175,38.760279999752399],[-79.274396000320493,38.759998999742308],[-79.274547999758141,38.759711000062019],[-79.274681999652429,38.759417999824549],[-79.274735000254196,38.759219000225315],[-79.274770000414307,38.759018000161817],[-79.274787000132733,38.758815000317661],[-79.274787000132733,38.758611999896146],[-79.274793999805425,38.758415000077164],[-79.274818999919788,38.75821799971439],[-79.274861999577496,38.75802300014611],[-79.274922999676875,38.757831000309217],[-79.275074000187928,38.757318000225368],[-79.275198999861374,38.756802000349794],[-79.275423000167365,38.755961999691969],[-79.275450999756458,38.755833999897945],[-79.275461999627126,38.755703999872189],[-79.27545499995442,38.755574000310141],[-79.275429000015151,38.755445000165807],[-79.275423000167365,38.755380000178512],[-79.275435999687843,38.75531599978833],[-79.275466999649993,38.755256000070965],[-79.275504000358225,38.75521199973241],[-79.275550000388989,38.755174000118785],[-79.275623000183913,38.755149999909875],[-79.275799999735924,38.75507799993543],[-79.275884000299826,38.755034000187699],[-79.275968999790322,38.754964999780412],[-79.276025999691726,38.754898000031723],[-79.276035999737474,38.754879999806235],[-79.276084000316359,38.754883999856752],[-79.27613600019491,38.754891000294826],[-79.276275000112079,38.754937000154499],[-79.276634999962198,38.755112000263246],[-79.276740000442487,38.755147000233471],[-79.276838000351773,38.755164999691139],[-79.277111000163259,38.755168999725633],[-79.277194999828836,38.755192000270135],[-79.277445000074096,38.75529999968186],[-79.277486999906884,38.755294999998071],[-79.277691000121379,38.755243000324029],[-79.277893999612672,38.755274000201631],[-79.277958000085079,38.755268999815542],[-79.278091999979381,38.755237999935758],[-79.278175999644972,38.755239999950987],[-79.278245999965165,38.755245999996397],[-79.27834300004956,38.755286000286226],[-79.278426999715137,38.754704999829215],[-79.278517000126826,38.754481000297339],[-79.278596999594455,38.754350000239072],[-79.278799000159111,38.754133999778389],[-79.278878999626755,38.754002999783829],[-79.279087000039212,38.753523000209313],[-79.279237999651954,38.75334900009188],[-79.279401999683486,38.753231000173457],[-79.279564999890113,38.753162000124867],[-79.280206999772517,38.752922000015005],[-79.280344000039875,38.752870999703859],[-79.281171999695118,38.752575000323901],[-79.281469999620953,38.752447999756868],[-79.282031000210836,38.752159999729997],[-79.28235800044898,38.75196100020996],[-79.282436000266785,38.751935000214075],[-79.282618999666596,38.751888000116701],[-79.282760999956807,38.751829999730248],[-79.28288300015555,38.751733000246922],[-79.283075999601067,38.751570999978114],[-79.284058999965325,38.750668000176702],[-79.284400000447192,38.750458999955676],[-79.284479000089902,38.750398999658486],[-79.284695999824891,38.750110999771913],[-79.284924000328829,38.74966400033248],[-79.285120999972321,38.749365000345733],[-79.285408000027488,38.748820000053819],[-79.285495000066149,38.748700000156987],[-79.285659999922572,38.748538000011308],[-79.285762000029834,38.74837999991297],[-79.285910999992751,38.748020000201009],[-79.285976000290077,38.747916999783975],[-79.286048000260095,38.747834999808305],[-79.286198999872823,38.74769500019606],[-79.286270999842856,38.747612999965391],[-79.286328999569164,38.747526000113226],[-79.286360000429639,38.747439000155047],[-79.286417000331028,38.747087999947787],[-79.286555000423306,38.746611999929925],[-79.286675999898804,38.745949000296612],[-79.286778999830972,38.745731000057134],[-79.286923999595928,38.745265999970471],[-79.287041999596696,38.744993000212823],[-79.287162999970533,38.744648999932743],[-79.287308999560395,38.744398999736184],[-79.287414000040698,38.74411999988741],[-79.287686000027264,38.74359100012682],[-79.287783000111631,38.74334499972565],[-79.288235000023249,38.742615999652102],[-79.288462999628891,38.74216900023103],[-79.288852999616225,38.741713000092183],[-79.289011999624876,38.741511999779348],[-79.289977000445816,38.740180999800572],[-79.290215000097177,38.739898999970549],[-79.290302000135824,38.73976799978],[-79.290559999878681,38.73923900001077],[-79.290702000168892,38.739036999857156],[-79.290995999896765,38.738619000076724],[-79.291190999890446,38.738374999851828],[-79.291235000271371,38.73829800030277],[-79.291272999906212,38.738194999875297],[-79.291289999624652,38.738069000252395],[-79.291258999662503,38.737864999791086],[-79.291226999875462,38.737743999798539],[-79.291133999989029,38.737544000131678],[-79.290998000444915,38.737054000087447],[-79.290944999843148,38.736920999755604],[-79.290763000268271,38.736616000151088],[-79.290609000282473,38.736306000332604],[-79.290547000358202,38.735981000264935],[-79.290538000137374,38.735783999654934],[-79.290565999726468,38.735487000272805],[-79.290603000434686,38.73538899967248],[-79.29068399972725,38.735230999908737],[-79.290805999925965,38.735112000237343],[-79.290737000328988,38.735049999776493],[-79.290709999666504,38.734999999953288],[-79.29072899993308,38.734830000012479],[-79.290840000261156,38.73454700012865],[-79.291010000140474,38.7342079997401],[-79.29118500004266,38.733909000199475],[-79.291257999837597,38.733795000216134],[-79.291409000348636,38.733631999930026],[-79.292253999722334,38.732930000100673],[-79.292792999672585,38.732344999994993],[-79.293010000305884,38.732095000171675],[-79.293110999689915,38.731953999848997],[-79.293196999903643,38.731809000007203],[-79.293213999622068,38.731779999723194],[-79.293319000102372,38.73145700006566],[-79.293338000368948,38.731276000180948],[-79.2932799997443,38.73105600000563],[-79.293304999858663,38.73090799974851],[-79.293434999555004,38.730733999878048],[-79.293602999784497,38.730439999834637],[-79.29378400043278,38.730227999948752],[-79.293872000296318,38.730053999823518],[-79.293918000327068,38.72986199974936],[-79.293998999619632,38.729725999997775],[-79.294207999856994,38.729487000317235],[-79.294742999609298,38.728803000196699],[-79.294937999602951,38.728586000206008],[-79.295110000030405,38.728417999783197],[-79.295382000016957,38.728196999880907],[-79.295525000132102,38.72805100008415],[-79.295901999700646,38.727555999867981],[-79.296064999907273,38.727464999923654],[-79.296419999734525,38.72728899997972],[-79.296909000354376,38.727076999853871],[-79.297201000432409,38.726888999705253],[-79.297265999831424,38.726828999926475],[-79.29730199981644,38.726780000011324],[-79.297323999557761,38.726720000141007],[-79.297321999907922,38.726684000194631],[-79.297319000433191,38.72663200000644],[-79.297341999999404,38.726539000168565],[-79.297378999809339,38.726468000135412],[-79.297624999856623,38.72614799978188],[-79.2977570001011,38.725935999774563],[-79.297950000444942,38.725460000335779],[-79.298018000217013,38.725268999906561],[-79.298086999813989,38.725000999801118],[-79.298264000264311,38.724030999719126],[-79.298239000149948,38.723937999999947],[-79.298158999784022,38.723766000170222],[-79.298097999684643,38.723654999718079],[-79.298044000156295,38.723583000222845],[-79.297920000307741,38.723476999996805],[-79.297850999812439,38.723432000296285],[-79.297593999894488,38.723329000158706],[-79.297484000289643,38.723217999728533],[-79.297444999931571,38.723085999674453],[-79.297448000304627,38.723019000148369],[-79.297858000383442,38.723044000052084],[-79.297875999926802,38.72255699970821],[-79.298266999739042,38.72243799994996],[-79.300134999659974,38.723057000054652],[-79.300534999693056,38.723244999773257],[-79.30155499986725,38.723724000246726],[-79.301913999892449,38.723744000113243],[-79.302468999736234,38.723068999947095],[-79.303512000374951,38.721048000283375],[-79.30355400020774,38.720997000335558],[-79.303736999607537,38.720708000177339],[-79.303871000400136,38.720482000238434],[-79.304041000279454,38.720221000033689],[-79.30423500044823,38.719882999802174],[-79.304376000015225,38.71960300005032],[-79.3044870003433,38.719355000114973],[-79.304530000001009,38.719231999986029],[-79.304545999894543,38.719146000066445],[-79.304535999848781,38.719035000147635],[-79.304555000115357,38.718971000122401],[-79.304569000359081,38.718946000195537],[-79.304632999933176,38.718955999746818],[-79.304863000086954,38.719039000103493],[-79.304971000041974,38.718861000098464],[-79.305608999726431,38.717656000092127],[-79.305836000405463,38.717274999948302],[-79.305895999781612,38.717122000328992],[-79.306159000445646,38.716636999975663],[-79.306197000080502,38.716516999972896],[-79.306206000301316,38.716439999993533],[-79.306195000430662,38.716330000279576],[-79.306175000339181,38.716285999785889],[-79.306154000422779,38.716263000026771],[-79.305987999843111,38.716168000303412],[-79.30596799975163,38.716140000183778],[-79.305961999903843,38.716085000117111],[-79.305971000124671,38.716003000041141],[-79.306191000232715,38.715302999853989],[-79.3062680002256,38.714996000035541],[-79.306577999846994,38.71346799968255],[-79.306660999687679,38.713206000253614],[-79.3067400002287,38.712833000126906],[-79.30681600039668,38.71259800033495],[-79.306859999879308,38.712506000012084],[-79.307064000093803,38.712194999758346],[-79.307100000078819,38.712113999686572],[-79.307109000299647,38.712030999699465],[-79.307110999949472,38.711942999700874],[-79.307099000253899,38.711860999779859],[-79.307044999827241,38.711778000200034],[-79.30700600036748,38.711731999876228],[-79.280369000154238,38.711311000032779],[-79.280251999978361,38.711307999916805],[-79.27960400024817,38.709941000082715],[-79.279404000231622,38.709520999803054],[-79.279360999675589,38.709428999726143],[-79.279119999651186,38.708998000097978],[-79.279068999597555,38.708906000049041],[-79.278912999961946,38.708500999766841],[-79.278863999558141,38.708254999794363],[-79.278840000167008,38.707907000063173],[-79.278570999655173,38.708229000009986],[-79.278052999621323,38.708272000241429],[-79.277059000284723,38.70836399970419],[-79.266857999616221,38.710140999916106],[-79.263050999629229,38.710803999669551],[-79.262523000447956,38.710846999754153],[-79.261867000321843,38.710917999886234],[-79.260515999711515,38.71090499977845],[-79.249874999725279,38.710455999728296],[-79.246903999789481,38.710325999807068],[-79.234373000141005,38.71003300020174],[-79.234204999911512,38.710062000199457],[-79.233938999772747,38.709562999661657],[-79.233880000221504,38.709588999661911],[-79.233752999999879,38.709652999676138],[-79.233556000356401,38.70977600016699],[-79.233415999716001,38.709843000191441],[-79.23326799957799,38.709898000154098],[-79.233144999554341,38.709932999853429],[-79.232963999804383,38.709973000289921],[-79.23284300032887,38.709985000276284],[-79.232720000305235,38.709982999694567],[-79.232598999931398,38.709966999945493],[-79.232541000205089,38.709949000311106],[-79.232374999625421,38.709877000326252],[-79.232337999815485,38.709678000049486],[-79.232336999990565,38.709631999776377],[-79.232347999861233,38.709518000312904],[-79.232445999770519,38.709130999837562],[-79.232573999817035,38.708751000125467],[-79.232772000183758,38.708209000007621],[-79.232937999865115,38.707763999735],[-79.232995999591438,38.707596000131183],[-79.233058000414033,38.707415999716957],[-79.233286999844566,38.706826999684438],[-79.233404000020442,38.706572000018404],[-79.233467999594538,38.706469999757154],[-79.233556000356401,38.706358000141108],[-79.233628000326433,38.706280999733742],[-79.233747999977027,38.706174999783848],[-79.234096999956478,38.705929000220472],[-79.235136000397233,38.705231000242797],[-79.23522300043588,38.705176999852128],[-79.235235000131439,38.705090999846696],[-79.235232999583303,38.704909999774564],[-79.235184000077822,38.704624000163513],[-79.235266999918494,38.70435599975454],[-79.235471000132989,38.704061999845578],[-79.23575900001309,38.703753000069007],[-79.235902000128206,38.703629000053269],[-79.236190000008307,38.703326000008936],[-79.236461000169967,38.703115999676136],[-79.23656199955397,38.703012999704754],[-79.236656000163634,38.702893999655231],[-79.236723000110786,38.702757000065745],[-79.236799000278765,38.702510999959998],[-79.236862000027941,38.701929999907136],[-79.236911000431746,38.701656000277417],[-79.236933999997973,38.70128800014119],[-79.236964000135217,38.701195000273714],[-79.237030000257434,38.701080999977208],[-79.237124999793679,38.701034000066514],[-79.23719299956575,38.701001000349436],[-79.237257000038156,38.700957999951633],[-79.237288000000305,38.700864999655067],[-79.237298000046053,38.700749999814597],[-79.237293000023172,38.700666999955033],[-79.237253999665128,38.700513000120957],[-79.237236000121754,38.700455000079295],[-79.237215000205367,38.700386000222245],[-79.237155999755814,38.700231999783064],[-79.237089999633582,38.700087999800779],[-79.236923999952239,38.69996399973946],[-79.236903999860729,38.699931000229668],[-79.236872000073703,38.699814999856322],[-79.236845000309515,38.699759999849256],[-79.236687000125769,38.699619999959054],[-79.23662799967623,38.699487000054923],[-79.23660799958472,38.699415999788698],[-79.236610000132885,38.699339000318851],[-79.236651000140753,38.698801000053038],[-79.236682000102888,38.698685999697958],[-79.236907000233799,38.698107000331753],[-79.237151999557852,38.697270999671957],[-79.237241000144635,38.697051999748197],[-79.237452000031823,38.696742000054357],[-79.237496000412762,38.696698999900271],[-79.237517000329163,38.696677999701457],[-79.238314999847191,38.696118000305468],[-79.23864399973516,38.69584899978171],[-79.238780000177599,38.695757000342589],[-79.239049999616029,38.695608000108294],[-79.239150000073451,38.695531999836312],[-79.239222000043483,38.695462000344662],[-79.239279999769792,38.6953750000797],[-79.239331999648329,38.695255000144968],[-79.239364000333708,38.695100999875422],[-79.239359000310813,38.695002000178071],[-79.239263999876272,38.694599999786703],[-79.239246000332912,38.694468000170119],[-79.239247999982737,38.694402000270451],[-79.239350999914905,38.694172999763971],[-79.239369000356575,38.694036000295398],[-79.239420000410192,38.693372000192227],[-79.239453999847058,38.693135999714158],[-79.239536999687729,38.692907000062789],[-79.239623999726376,38.69250200031447],[-79.239662000259528,38.692376000049769],[-79.239677000328143,38.692326999653176],[-79.239736999704277,38.692190000154916],[-79.239846000382542,38.692021999721078],[-79.239955000162482,38.691869000046985],[-79.240054999721607,38.691771999772499],[-79.240609999565379,38.691433999653263],[-79.240731999764122,38.691325999730743],[-79.240961999917886,38.691105000127735],[-79.241090999789321,38.690964000268565],[-79.241110000055897,38.690938999662826],[-79.241149000413955,38.690887999970592],[-79.241325000141046,38.690599000093187],[-79.241634999762439,38.690224999962318],[-79.242432000353872,38.689461999892323],[-79.242940000342003,38.689019999706062],[-79.243055999794635,38.688866999922325],[-79.243245999765435,38.688546000330078],[-79.243434999911315,38.688290999987963],[-79.243485999964932,38.688198000049482],[-79.243532999820616,38.687984999780141],[-79.243591000445235,38.687623000241246],[-79.243628000255171,38.687558000240479],[-79.24374899973067,38.687472000083972],[-79.24377800004298,38.687434000193917],[-79.243799999784301,38.687396000283677],[-79.243817000401052,38.687248000071719],[-79.24386099988368,38.687171000124707],[-79.244330000412035,38.686651000088638],[-79.244428000321321,38.68653000032706],[-79.244502999766084,38.686439000041297],[-79.244766000430118,38.686015000165838],[-79.244918999692686,38.685748000074653],[-79.245090000295221,38.685360999986017],[-79.245235999885097,38.685131999989714],[-79.245326000296771,38.68487500022033],[-79.24535499971077,38.684826000295999],[-79.245599999933162,38.684583000060741],[-79.245703999690235,38.684347999989072],[-79.24590500043,38.684148000245223],[-79.245919999600304,38.684081999940595],[-79.24589100018629,38.683828999728306],[-79.245958000133442,38.683693000042773],[-79.246096000225705,38.683486000149038],[-79.246148000104256,38.683365999905973],[-79.246145999556106,38.68317399994001],[-79.246039000324316,38.682644999859619],[-79.246034000301435,38.682562000028994],[-79.246088999654717,38.682327000332741],[-79.246148999929162,38.682189999917966],[-79.246220999899194,38.682076000186761],[-79.246896000291883,38.681178999896503],[-79.246989000178303,38.681055000015519],[-79.247077000041855,38.680918999966821],[-79.247099999608068,38.68082600026429],[-79.247109999653802,38.680688999781061],[-79.247089999562334,38.680374999992722],[-79.247129999745283,38.680183999722253],[-79.247188000369931,38.680107999895121],[-79.247281000256351,38.680015999848756],[-79.247458999633267,38.679914000284128],[-79.247529999778379,38.67985999971323],[-79.247574000159318,38.679768000049364],[-79.247666000220818,38.679445000277596],[-79.247795999917159,38.679303999881057],[-79.247841000123003,38.679188999739942],[-79.247903000047273,38.67894800004612],[-79.247933000184517,38.678861000035901],[-79.247975999842211,38.678822999780579],[-79.247990999910826,38.678817000328984],[-79.248074999576417,38.67878100010239],[-79.248124999805128,38.678732000212932],[-79.248139999873743,38.678693999889113],[-79.248134000025956,38.678638999772289],[-79.248097000216049,38.678429999924631],[-79.248092000193168,38.678363999956709],[-79.248129999827995,38.678260000074935],[-79.248202999622933,38.678135000010336],[-79.248406000012523,38.677823999654194],[-79.248522000363479,38.677413999859311],[-79.24869899991549,38.677015999727686],[-79.248862000122102,38.676688999938669],[-79.248863999771928,38.676579000087742],[-79.248936999566865,38.676459000185083],[-79.248982999597601,38.676311999854889],[-79.249054999567633,38.676214000168287],[-79.249221000147301,38.676050999712601],[-79.249396000049472,38.675752000239413],[-79.249570000126766,38.675517999993914],[-79.249672000234,38.675366000167855],[-79.249758000447741,38.675284999759604],[-79.250011999992637,38.675190000298223],[-79.250140000039153,38.675115000154584],[-79.250161999780445,38.675077000014355],[-79.250201999963423,38.674885000252566],[-79.250324000162166,38.674749999782946],[-79.250340000055701,38.67468399992822],[-79.250320999789125,38.674585000032046],[-79.250268999910574,38.674418999813845],[-79.250257000215015,38.674352999653976],[-79.250313000291513,38.674056999676019],[-79.250330999834873,38.673914999792395],[-79.250325999811992,38.673838000226688],[-79.25030599972051,38.673794000237272],[-79.250222999879824,38.673726000009168],[-79.250237999948439,38.673699000199775],[-79.250302000420874,38.673650999734242],[-79.250323000337261,38.673637999865598],[-79.250529000201567,38.673522000339936],[-79.250658000073017,38.673419999936627],[-79.250673000141632,38.673382000299277],[-79.25066800011875,38.673309999971394],[-79.250675999616362,38.673244000191666],[-79.250706999578497,38.67314599981141],[-79.250723000370343,38.673052999827398],[-79.250637000156615,38.672848000235376],[-79.250673000141632,38.672787999987136],[-79.25074500011165,38.672722999836807],[-79.250755999982289,38.67271699987392],[-79.251022000121083,38.672574000024795],[-79.251212999916788,38.672515999774042],[-79.251254999749577,38.6724840003411],[-79.251313000374211,38.67241899991474],[-79.251568999568946,38.672269000054342],[-79.251675999699074,38.672193999655583],[-79.251949000408857,38.671896000324672],[-79.252140000204562,38.671821999658434],[-79.252190000433288,38.671788999791573],[-79.252218999847287,38.671740000024961],[-79.252223000045248,38.671597999753345],[-79.25225900003025,38.671564999783214],[-79.252300999863053,38.671548999855993],[-79.252363999612243,38.671538999987362],[-79.252490000008933,38.671552000237128],[-79.252596000314142,38.67154299979471],[-79.252899000262843,38.671470000294441],[-79.253151999982819,38.671425000123421],[-79.253250999717025,38.671382000182987],[-79.253365000418171,38.671318000289027],[-79.253500000137379,38.671221000209201],[-79.253671999666508,38.671080999876686],[-79.253967000117626,38.670760999892117],[-79.254245999776884,38.670539999896206],[-79.254378000021347,38.670283999771719],[-79.254407000333671,38.670257000066897],[-79.254455999839152,38.670247000017753],[-79.254730000373854,38.670229000206348],[-79.254793000123044,38.670207999953085],[-79.255014999880899,38.670034999769683],[-79.255148999775201,38.669977000267387],[-79.255445000051196,38.6698989998226],[-79.255496000104827,38.66987499972258],[-79.25585199975697,38.668962000318544],[-79.256435000088175,38.66733800020927],[-79.257137000245038,38.665394000314357],[-79.257025999916962,38.664102000278206],[-79.256654000371284,38.661483999742018],[-79.256437999562905,38.659968000193977],[-79.25597700032877,38.656725000189155],[-79.256219000178092,38.656506000337352],[-79.266061999748004,38.641509000309441],[-79.266737999965613,38.640987999910493],[-79.267291999984494,38.640124000297952],[-79.267824000262038,38.639209999944171],[-79.268040999997012,38.638868999669441],[-79.268518000022979,38.638119000209073],[-79.268841999888082,38.637520999703277],[-79.269225000202738,38.636778000250125],[-79.269352000424348,38.636037999876059],[-79.274063000234563,38.63038000029055],[-79.274286999642229,38.629894999958509],[-79.27430799955863,38.629469999951098],[-79.274322999627245,38.628765000030327],[-79.274705000116995,38.62806200026025],[-79.275037000377992,38.627727999846876],[-79.275162999876372,38.627422999787036],[-79.275165000424508,38.62702899992226],[-79.275043000225764,38.626260999765968],[-79.276628000289492,38.625125999746544],[-79.27739499984537,38.62462499978507],[-79.278533999845266,38.624204999851862],[-79.279497000118042,38.62387999983622],[-79.280697000217287,38.623130000063114],[-79.281483999864662,38.622355000175155],[-79.282988999562434,38.620482000131666],[-79.28439200005127,38.618752999963093],[-79.285002000146633,38.618508999941575],[-79.285387000111101,38.618355000219886],[-79.286239000055801,38.61820299980571],[-79.286998999939001,38.617791000166321],[-79.287849000233876,38.61692200008715],[-79.288810999783422,38.61505199988607],[-79.290102000119276,38.613612000214964],[-79.293893000212719,38.608780000287702],[-79.294434999637716,38.608094999744374],[-79.296017000226698,38.606967999862718],[-79.296458000267663,38.606653000166439],[-79.296704000314946,38.606324000005628],[-79.296817000292847,38.606164000178126],[-79.296916000027053,38.605990999783366],[-79.296942999791227,38.605959999757829],[-79.296973999753391,38.60594300028162],[-79.297019999784141,38.60593299967941],[-79.297100000150081,38.605937000341655],[-79.297214999777808,38.605955999798873],[-79.29730299964136,38.605980999889795],[-79.297265999831424,38.605928999718891],[-79.297234999869289,38.605860000014438],[-79.297219999800674,38.605840000189446],[-79.297403999923702,38.605484000265733],[-79.297541000191032,38.60524499968696],[-79.297767999971768,38.604816999951076],[-79.297748999705178,38.604715000004767],[-79.297690999978869,38.604172999743753],[-79.297598999917369,38.603318000051928],[-79.297510000228897,38.601746999790585],[-79.297954999569512,38.601031999865853],[-79.298893999552845,38.598796999900316],[-79.299597000432939,38.597824999670124],[-79.301008000419387,38.596377999872246],[-79.302666000278037,38.595044999799249],[-79.303549000184887,38.593972000052013],[-79.304703000253369,38.592184000117349],[-79.30475799960665,38.592121000229916],[-79.305622999970126,38.591550999939152],[-79.305732999574985,38.591213000058488],[-79.305781999978791,38.591063999958905],[-79.306501999679,38.589545999718851],[-79.307512999632365,38.587930999903946],[-79.309255000054918,38.586401999707341],[-79.310369999765371,38.585604000194834],[-79.31141800042694,38.58459699982393],[-79.311682999842517,38.584279999670471],[-79.311938000110629,38.583971999729457],[-79.312600999909435,38.583390999867326],[-79.312837999735905,38.583208999755854],[-79.31328200014994,38.582538999708142],[-79.313416999869133,38.58206999988812],[-79.313386999731918,38.581578000317329],[-79.313046000148361,38.581137000111248],[-79.312173000287274,38.579890000276329],[-79.31104199978499,38.578532999774694],[-79.311415000053913,38.577600999732397],[-79.312087000073547,38.576830999885381],[-79.313636999977163,38.574928999851636],[-79.313600999992161,38.574703999709087],[-79.313339000051329,38.573867999707346],[-79.313083999783203,38.572830000244878],[-79.313041000125509,38.572227999981948],[-79.312955999736687,38.572075000080687],[-79.312648999590024,38.571650000284158],[-79.312335999595589,38.571643000170589],[-79.312239000409519,38.571418000271464],[-79.311363000175362,38.57105699968519],[-79.311100000409638,38.570758999815112],[-79.311001999602013,38.570485999924074],[-79.311272999763688,38.570269999730613],[-79.311778000277073,38.569915999979834],[-79.312723000108178,38.569171000203269],[-79.313761999650637,38.568433000152631],[-79.314443999716019,38.567907999950904],[-79.314755999885548,38.567629000133017],[-79.315143000398166,38.567307000064062],[-79.315159000291686,38.567304000235488],[-79.315336999668602,38.567182999787917],[-79.316472000368833,38.566296000176877],[-79.319827000444192,38.563986000094637],[-79.320125000370027,38.563452999976576],[-79.320433000341609,38.562909999846369],[-79.320951000375473,38.562547000280929],[-79.321675000273657,38.56182500017497],[-79.323584000202459,38.55891899990862],[-79.324110999558826,38.557818999981549],[-79.324463999736253,38.557219000334115],[-79.327017999920528,38.554056000326405],[-79.327309999998576,38.553968000084531],[-79.327537999604203,38.554169000327377],[-79.327957999728781,38.554516999649771],[-79.328322999601752,38.554699000094111],[-79.328392000097054,38.554582000212619],[-79.328614999679814,38.554463000131825],[-79.328987000123789,38.554233999799855],[-79.329357000019641,38.553856000131759],[-79.329880999901292,38.553203000332623],[-79.33024099975141,38.552677000192112],[-79.330860000067617,38.551742000084964],[-79.331173000062051,38.551513000218591],[-79.331549999630596,38.55122699998708],[-79.33184300043186,38.551163000305174],[-79.334874999568726,38.551559999882549],[-79.335645000395971,38.552004000154064],[-79.336581000006262,38.551236000080465],[-79.338414999592004,38.550415999903635],[-79.33863800007309,38.55045199997398],[-79.33948800036795,38.550350000079028],[-79.340100000113154,38.550165999737217],[-79.340635999690349,38.54972700005915],[-79.341188000059404,38.54901700001033],[-79.341377000205284,38.548878000319093],[-79.34226000011212,38.54841499978842],[-79.343175999630944,38.547956999912927],[-79.344186999584295,38.547425999873994],[-79.346071000297059,38.545867999899997],[-79.347777999661204,38.543483999888764],[-79.347925999799216,38.54295999994082],[-79.347949000263739,38.542442999835934],[-79.347787999706938,38.542174999710674],[-79.347493999979079,38.542189000056496],[-79.346149000114863,38.54121999979624],[-79.346293000054914,38.540952000032163],[-79.347384000374205,38.540274999759362],[-79.347745999874149,38.539683999983843],[-79.349335999960743,38.538104999919398],[-79.350173999661735,38.537500999919246],[-79.351300999966043,38.536112000118081],[-79.362054999930194,38.540991999986908],[-79.365759999809924,38.542598999742694],[-79.365974999895073,38.542651999922214],[-79.366133999903724,38.54295100021676],[-79.369494000001964,38.548065999992893],[-79.372440999648319,38.552554000346639],[-79.374633000332651,38.552649999747153],[-79.38000899959151,38.552881000260037],[-79.38136400039977,38.552927000057615],[-79.383074000136943,38.552987000176984],[-79.387662999748429,38.553141000347871],[-79.39151599976617,38.553272000060211],[-79.392546999811003,38.553306999733827],[-79.396137999887912,38.553426999990727],[-79.396137999887912,38.553333999932043],[-79.397733999822279,38.551808000036807],[-79.39816399999259,38.551324999850671],[-79.401661000358175,38.547470999898394],[-79.401744000198846,38.547380999821478],[-79.402031000254027,38.54726699993698],[-79.404659000058132,38.547034999897512],[-79.404705999913816,38.547028999953177],[-79.405004999664541,38.546907000039852],[-79.405386000329372,38.546638999687772],[-79.408469000418165,38.543060000155926],[-79.40897400003324,38.542686000030116],[-79.409672999817062,38.542246999653678],[-79.410446999943971,38.541475999854825],[-79.413236000304863,38.539175999715155],[-79.414041000393908,38.538405000021342],[-79.414926999775474,38.537511000214124],[-79.415987000132645,38.536747000240354],[-79.417542000059143,38.535349999880303],[-79.418467999623687,38.534707999877668],[-79.419445999965063,38.534137000162033],[-79.419980999717353,38.533836999828203],[-79.425718000447873,38.528054000124783],[-79.426253000200177,38.527243000151621],[-79.426327999644911,38.526488999784206],[-79.426453000216711,38.526092000256803],[-79.432347000407731,38.518997000181386],[-79.432543000226318,38.518541999703388],[-79.432954999954958,38.517869000052073],[-79.433718000211201,38.516772999869154],[-79.435756000011452,38.515187999759185],[-79.436342999642278,38.514464999781438],[-79.436992999920619,38.51323300007202],[-79.437807000230478,38.512225999949607],[-79.438567999938584,38.511617000075795],[-79.440000999666339,38.509578999973989],[-79.441462999706417,38.508043999820487],[-79.442625999995727,38.507077000062544],[-79.443924000004273,38.505299999824807],[-79.445951999758762,38.503212000221048],[-79.446540999937724,38.501768000020654],[-79.447664999869005,38.500125000259594],[-79.448362999827921,38.499273000231405],[-79.459157999799956,38.487292999722875],[-79.460591000426021,38.485910999969796],[-79.461932000092261,38.484681000332593],[-79.462354999691556,38.483404000242885],[-79.462487999760938,38.483214999882868],[-79.463912999991081,38.481193000088098],[-79.465498999879699,38.479739000280233],[-79.465759000170721,38.479550000154937],[-79.466970999965525,38.478670000056525],[-79.466895999622466,38.477004999711419],[-79.467945000108955,38.474649000249286],[-79.469814999679699,38.470781000309145],[-79.471427000405924,38.467828000230817],[-79.474331000394571,38.462508000003822],[-79.475524999747719,38.459235000217049],[-79.476317000316271,38.457313000105536],[-79.476395999958996,38.457159000288229]]]},"properties":{"NAME":"Eastern district","BASENAME":"Eastern","GEOID":"5407190987"}},{"type":"Feature","geometry":{"type":"Polygon","coordinates":[[[-79.649874999569775,38.593415000097529],[-79.649874999569775,38.593214999915318],[-79.649775000010678,38.593014999878015],[-79.649674999553255,38.592715000181634],[-79.64957499999413,38.592515000155672],[-79.649475000435032,38.592315000274695],[-79.649374999977596,38.5922149997742],[-79.64927500041847,38.592114999836504],[-79.64907500040195,38.591515000094056],[-79.648801999692154,38.591415999724823],[-79.647984000082644,38.591117000213551],[-79.647712000096064,38.591017999997646],[-79.646747000173463,38.590663999981224],[-79.643853000230564,38.589602999858251],[-79.642889000132868,38.589248999886671],[-79.641738000437442,38.588828000099994],[-79.638288999752433,38.587565999867543],[-79.637139999706804,38.587145000043471],[-79.637045999995479,38.587109999996954],[-79.636763999963165,38.587007000262766],[-79.636670000251826,38.58697300005224],[-79.629165999882744,38.584224000162429],[-79.624773999914751,38.582615999773687],[-79.615334999677586,38.579150000054867],[-79.606661000244785,38.575964999774214],[-79.599160000248744,38.573210000046707],[-79.598923000422275,38.573124000271207],[-79.59821600024253,38.572866000327082],[-79.597981000065886,38.572781000240539],[-79.597966999822191,38.572775000338055],[-79.597951999753576,38.572768000334143],[-79.597925999814322,38.572756999925232],[-79.597913000293829,38.572752000121937],[-79.597894999852159,38.572744000014502],[-79.597877000308813,38.572737000007528],[-79.597837999950755,38.57272600029625],[-79.59782000040741,38.572720999788409],[-79.595661000233335,38.571924000079008],[-79.589185000434369,38.569535000168251],[-79.5870270000852,38.568738999688769],[-79.584252999792895,38.567716000335984],[-79.575931999639195,38.564649000309608],[-79.57315900007012,38.563626000326984],[-79.573068999658446,38.563592999813174],[-79.572800999869841,38.56349600004576],[-79.572712000181383,38.563463000174671],[-79.572523999860408,38.563393999692828],[-79.571958999970875,38.563185999722883],[-79.5717709996499,38.563116999677497],[-79.571570999633366,38.563116999677497],[-79.571071000041158,38.5630169999625],[-79.570571000448965,38.562917000108314],[-79.569870999941912,38.562917000108314],[-79.569306000052407,38.562917000108314],[-79.568971000316637,38.562917000108314],[-79.568261999588756,38.562846000029069],[-79.567971000233939,38.562817000115018],[-79.567070999710353,38.562716999982534],[-79.566270999644175,38.562517000002636],[-79.565571000035447,38.562317000168591],[-79.562671000244748,38.561017000324881],[-79.562471000228214,38.560916999795225],[-79.562170999754244,38.560916999795225],[-79.561671000162065,38.560816999828873],[-79.560970999654998,38.560816999828873],[-79.56017099958882,38.560916999795225],[-79.559470999980093,38.560916999795225],[-79.558771000371365,38.560916999795225],[-79.558070999864299,38.56071699972334],[-79.557371000255571,38.560416999976958],[-79.556771000205956,38.560317000017349],[-79.555971000139778,38.560216999918616],[-79.555470999649273,38.560216999918616],[-79.55497100005708,38.560017000006262],[-79.554670999583109,38.559917000192591],[-79.553631000215745,38.559277000197966],[-79.55051100031703,38.557356999741145],[-79.549471000051355,38.556717000134299],[-79.549370999593918,38.556717000134299],[-79.548970999560851,38.556416999849823],[-79.548670999985205,38.556116999718334],[-79.548171000392998,38.555917000340045],[-79.547571000343368,38.555617000229418],[-79.547131000127322,38.555528999790852],[-79.547070000027958,38.555516999914289],[-79.546669999994862,38.555317000271714],[-79.546269999961794,38.555117000072777],[-79.545970000386134,38.55491700001987],[-79.545669999912164,38.554516999649771],[-79.545069999862548,38.554317000035155],[-79.54457000027034,38.554116999864085],[-79.544170000237273,38.554017000272445],[-79.54366999974674,38.553716999960315],[-79.543170000154561,38.553517000227615],[-79.542570000104945,38.553216999936581],[-79.542069999614426,38.552916999798668],[-79.541570000022219,38.552616999813978],[-79.541169999989151,38.552316999982523],[-79.540769999956055,38.552116999867728],[-79.540270000363876,38.552116999867728],[-79.540029000339459,38.552116999867728],[-79.539769999873357,38.552116999867728],[-79.539169999823727,38.552017000304254],[-79.538670000231534,38.55191699989917],[-79.538270000198452,38.551817000057461],[-79.537870000165384,38.551616999956856],[-79.537522000010838,38.55133899982026],[-79.536116000047258,38.552491000121563],[-79.534550000250121,38.55342900002843],[-79.533696999582205,38.554054000306145],[-79.533372999717102,38.554469000158299],[-79.532929000201392,38.555394999650595],[-79.532135999807934,38.555864999736222],[-79.531425000328539,38.556282000331919],[-79.529333999926536,38.558101000165074],[-79.527639000257963,38.559556999711432],[-79.527121000224099,38.560127999917476],[-79.526604999840075,38.56090699994531],[-79.52575200007044,38.56153100027587],[-79.524644000032723,38.562105000298779],[-79.524054000028841,38.562314999675742],[-79.522696999570741,38.564183000242075],[-79.520397999654591,38.564402999936057],[-79.518699999612991,38.565238999795298],[-79.515168999810541,38.565208999938342],[-79.51391699983273,38.565731999794757],[-79.510967999638254,38.564463999824532],[-79.509491000427886,38.563317000094919],[-79.508539000025763,38.562573000277915],[-79.504711000122384,38.563113000141136],[-79.503461999619333,38.56264099990122],[-79.496809000268343,38.562958000023229],[-79.49494100034741,38.563227000186714],[-79.494561000405824,38.5641879999393],[-79.494203000205516,38.564847999764396],[-79.494172000243381,38.565756999845711],[-79.493977000249714,38.566143999777381],[-79.493177000183564,38.56657800011272],[-79.491238999942425,38.567019999977354],[-79.489658999901579,38.567752000171168],[-79.488438999710851,38.568878000310058],[-79.488192999663553,38.570591999866032],[-79.48923799995211,38.572500000172468],[-79.489945000131854,38.573900000333424],[-79.490150999996175,38.574687999928052],[-79.49049900015072,38.574920999986624],[-79.490878000267401,38.575049999896024],[-79.491226000421946,38.575347000162317],[-79.49117500036833,38.575589000043664],[-79.490845999582021,38.57639400023082],[-79.490375000302166,38.577246000249282],[-79.489760000183921,38.577865999736055],[-79.489462000258087,38.578237000065002],[-79.489227000081442,38.579154000103131],[-79.488960000117757,38.579612999948409],[-79.488426000190373,38.580063999674941],[-79.488067999990093,38.580449999798361],[-79.487852999904931,38.581060999849974],[-79.487544000108443,38.5818659998071],[-79.487072999930248,38.582703000085822],[-79.486713999905049,38.583225999700929],[-79.48583199982312,38.583725000260891],[-79.485021999711208,38.584425999988078],[-79.484590999716005,38.585005000042017],[-79.484354999714441,38.585479999900407],[-79.484466999867436,38.585993999702389],[-79.485051000023532,38.586357000181941],[-79.485943000151195,38.586839000263431],[-79.488104999800015,38.587721000263556],[-79.488760999926129,38.588065999649402],[-79.489037999935562,38.588492999685329],[-79.489116999578286,38.588914000031885],[-79.489119999951328,38.588927999700786],[-79.488805000307067,38.590282000119871],[-79.488662000191923,38.591228999669106],[-79.488667000214804,38.591355000252022],[-79.488652000146189,38.591518000315872],[-79.488633999704518,38.591658000230346],[-79.488625000382015,38.591718000310728],[-79.488589000396999,38.591925999826692],[-79.488565999932447,38.592010999725538],[-79.488539999993193,38.592109000144774],[-79.488485999566507,38.592251999800069],[-79.488363000441183,38.592467999893209],[-79.488223999625689,38.592676999868537],[-79.488066000340268,38.59288699975837],[-79.487966999707751,38.593028000332687],[-79.487904999783467,38.593702000049085],[-79.488063999792118,38.594145999734252],[-79.487722000383698,38.594834999903092],[-79.487436999978314,38.595096000343347],[-79.487061000234704,38.595078999697932],[-79.486164000084145,38.5954559996839],[-79.485620999935932,38.596266999798104],[-79.485463999577092,38.596502000302323],[-79.485008000365823,38.59718300013121],[-79.484829000265677,38.597644000092615],[-79.484752000272792,38.598124000028172],[-79.484938000045616,38.598226000215249],[-79.485511000331073,38.598713000053337],[-79.486229000381471,38.599087000003948],[-79.488822999850413,38.599739999852524],[-79.489401000158722,38.600083000312104],[-79.489434999595588,38.600346999776612],[-79.489359000325933,38.600785000112857],[-79.488914999911927,38.60161199979558],[-79.487991999822114,38.602753000035591],[-79.487548000306404,38.603305000056807],[-79.487222999718071,38.603706999842139],[-79.486462000009965,38.605051000188574],[-79.486302000176408,38.605719999718367],[-79.48624100007703,38.606040000294598],[-79.484789999907619,38.610047000337374],[-79.484134999606425,38.611864999663453],[-79.483506999967688,38.613080000082547],[-79.48194299982039,38.615385999676896],[-79.481890999941854,38.615608000173836],[-79.481728999560133,38.616317999875925],[-79.482207000309344,38.618498000223099],[-79.482117999722561,38.61883099995022],[-79.481305000135919,38.61913499990029],[-79.481168999693494,38.619785000055963],[-79.48100899985991,38.620573000020265],[-79.480525000161251,38.621383999835373],[-79.480367999802425,38.621689999734876],[-79.480188999702278,38.621937999934076],[-79.48001799999804,38.622258999875044],[-79.479423999796197,38.623095000017855],[-79.478651000392532,38.623401999732586],[-79.477887000311384,38.623877000265423],[-79.477842000105554,38.623914000109835],[-79.477317000398983,38.624608999899543],[-79.476561999640353,38.62522600000618],[-79.475072000011195,38.625220000275242],[-79.474134999677673,38.625359999714377],[-79.473394000061063,38.625569000047818],[-79.472507999781172,38.625791999970254],[-79.472089000379825,38.626057000348503],[-79.472209000030418,38.626046999742925],[-79.471558999752077,38.626316000108176],[-79.471243000282911,38.626657999796457],[-79.470912999671711,38.627226999818539],[-79.470558999669393,38.627182999966827],[-79.469827000273597,38.627182999966827],[-79.46897000030603,38.627402000317296],[-79.468489000082087,38.627576000349649],[-79.468330999898342,38.627724999735243],[-79.467888000207552,38.628216000191493],[-79.467582999710714,38.628638999863774],[-79.467576999862928,38.629531000009599],[-79.46786700029115,38.629960999685785],[-79.468221000293482,38.630156999900045],[-79.468776999962174,38.630609999966715],[-79.469028000032324,38.630750000110133],[-79.469311999714463,38.631044000152968],[-79.469488000339879,38.631511000012402],[-79.469485999791743,38.631671000148131],[-79.469489000164799,38.632358000058638],[-79.469452000354863,38.633311999857369],[-79.46968199961033,38.634160000326006],[-79.469879000152133,38.63463599970526],[-79.470076999620531,38.635145000059872],[-79.470234999804291,38.635895999687378],[-79.470228000131598,38.636598999827484],[-79.470252000421041,38.636891999831555],[-79.470068000298028,38.637419999849342],[-79.46991400031223,38.6379410002233],[-79.46981899987766,38.638332000095943],[-79.469635999579566,38.638850999690085],[-79.469479999943957,38.639207000313021],[-79.469029999682178,38.639637000189843],[-79.468624999626215,38.63990400035059],[-79.468233999813975,38.640135000207415],[-79.468033999797413,38.640322999675021],[-79.467983999568702,38.640401000055824],[-79.467576999862928,38.640693999954316],[-79.467225000408732,38.640971000315773],[-79.466972999615351,38.64121399983491],[-79.46651300020612,38.641823000051261],[-79.466269999633568,38.642547000245919],[-79.466426000167502,38.643412999752762],[-79.466828999675315,38.64419999984321],[-79.466998999554633,38.644619999812534],[-79.467217999837729,38.645333000002331],[-79.467120999753348,38.64582900015975],[-79.466693999956092,38.646171000073409],[-79.46616300040175,38.646351000221614],[-79.465693999873395,38.646490000015007],[-79.464790000050144,38.646623000195774],[-79.463634000331822,38.646682000144175],[-79.462421999638707,38.646722000164765],[-79.461095000216176,38.646765999951207],[-79.459398999824359,38.647088999820305],[-79.458722999606763,38.647253000024108],[-79.458171999960939,38.647375999755212],[-79.458036000416826,38.647563000111184],[-79.458135999975937,38.647756999687097],[-79.45838000037341,38.648040999789707],[-79.458530000161232,38.64843100023559],[-79.458526999788177,38.648763000115267],[-79.458233999885209,38.64919300018331],[-79.457807999912873,38.649551999844419],[-79.457627999987821,38.649869999738009],[-79.457601000223647,38.650581999884011],[-79.457400000382194,38.650963000306504],[-79.457495999743344,38.651659999654385],[-79.457778999600549,38.652285000215834],[-79.457805000438142,38.652745999651195],[-79.457400000382194,38.653128999856868],[-79.456929000203985,38.653348999891641],[-79.456407999797079,38.65372400017926],[-79.455719999883911,38.654049000290506],[-79.455046000214452,38.654060999836851],[-79.454057000002393,38.654153000267236],[-79.453431999838415,38.654487999981946],[-79.452839000359802,38.654780999805034],[-79.452183000233674,38.654751000184682],[-79.451733999796787,38.654825999913534],[-79.451162000234575,38.654948999972291],[-79.450578999903399,38.654790999909572],[-79.449983999876636,38.654831999972643],[-79.449797000278878,38.654946999955932],[-79.449419999812022,38.655409999801847],[-79.449458000345174,38.655824000026684],[-79.449588000041516,38.65626199972354],[-79.449706000042283,38.65673800032269],[-79.449743999677139,38.657029999731968],[-79.449597000262344,38.65730700007736],[-79.449172000114913,38.657469000094395],[-79.448649999883088,38.657641000153127],[-79.448140000245147,38.658104999736068],[-79.44755400043924,38.658675000161779],[-79.446978999605662,38.659356999982492],[-79.446226000293464,38.660291000166239],[-79.445565999969389,38.661254999808897],[-79.445052000133487,38.661939999694724],[-79.4443840003118,38.662654000322632],[-79.443871000300817,38.663213999987484],[-79.44375499994986,38.663487000007429],[-79.443637999773998,38.663600999884977],[-79.443497000206989,38.663846000281396],[-79.443272999901012,38.664245000215004],[-79.443135999633668,38.664479999657729],[-79.443083999755132,38.664542999827923],[-79.442959000081672,38.66457300025688],[-79.442713999859265,38.664771000247832],[-79.442364000054894,38.665013000194705],[-79.442054000433501,38.665295999709535],[-79.441984999938228,38.665377000197601],[-79.44180199964012,38.66559799999802],[-79.441512999935128,38.665757999783324],[-79.441090000335805,38.665940000226705],[-79.440302999790148,38.666212000173537],[-79.439574999693974,38.666230000293424],[-79.438706000030862,38.666320000123683],[-79.438438000242243,38.666274000021922],[-79.438201000415773,38.666359000202036],[-79.438165000430772,38.667154000136797],[-79.438008999896837,38.667650000013793],[-79.438032000361389,38.667815999796311],[-79.438056999577427,38.668347999877895],[-79.438233000202828,38.668566999990347],[-79.438854999993779,38.669639000298012],[-79.439538999708986,38.670704999852973],[-79.439788000129312,38.671156000038764],[-79.440203000231023,38.671971000334281],[-79.440423000339038,38.672745000164042],[-79.440507999829535,38.673561000001875],[-79.440243000413986,38.673957000221954],[-79.439554999602493,38.674919000174839],[-79.438877999559992,38.675475999778939],[-79.438551000220158,38.676008999810421],[-79.438593999877853,38.676638999963615],[-79.438577000159412,38.677444999848916],[-79.438187999996998,38.678156000042087],[-79.437262000432455,38.678787000258282],[-79.435894999928607,38.679532000279252],[-79.434476000444576,38.679878999918785],[-79.433590999989605,38.680299999671938],[-79.432768000357214,38.680631999794564],[-79.432347000407731,38.680874000125826],[-79.43226600021687,38.681253000005896],[-79.43232999979098,38.681875999702889],[-79.432405000134054,38.68253000017841],[-79.432138999995274,38.683192000002528],[-79.431995000055224,38.683400000006962],[-79.4314939997398,38.684129999721932],[-79.430733999856599,38.684913000067034],[-79.430199000104309,38.685107000150893],[-79.429230999808667,38.685146999748504],[-79.428354999574509,38.685091999682427],[-79.42766400018661,38.685043999845149],[-79.426530000209596,38.684914999947686],[-79.425293000300442,38.684706000196357],[-79.423924000146783,38.684939999853583],[-79.422915999668163,38.685248000333537],[-79.421990999928525,38.685919000295037],[-79.421333000152572,38.686573000283175],[-79.420914999677834,38.687582999924103],[-79.420649000437365,38.688212999866799],[-79.420167000388531,38.688610000245788],[-79.419746000439048,38.689037999700375],[-79.419778000226088,38.689578000228039],[-79.419977000417731,38.69027299982978],[-79.419197000443049,38.691282999826605],[-79.418521000225439,38.692195000049054],[-79.418142999933679,38.69309199966964],[-79.417859000251539,38.694392000089145],[-79.417788999931346,38.695030000163001],[-79.417771000388001,38.69619199968831],[-79.417650000014163,38.696484000144132],[-79.417253000354137,38.697389000198015],[-79.416505999991415,38.698390999861893],[-79.416458000310854,38.698957000257451],[-79.415556999962334,38.700144999711554],[-79.414346999817354,38.701276999808869],[-79.413083999968919,38.702101999706372],[-79.411810000249815,38.702684000156886],[-79.410657999831159,38.702854999855099],[-79.409639000380182,38.703034000146559],[-79.40906500026982,38.703429000230535],[-79.408890000367649,38.703526000119759],[-79.408315000432395,38.703891000229497],[-79.407876999866161,38.704374999764291],[-79.407512999818081,38.704732000337358],[-79.407208000219541,38.705885999981945],[-79.406495000192024,38.706624000081874],[-79.406152000060345,38.707119999810828],[-79.406007000295389,38.707605999868292],[-79.405927999754354,38.707894999728019],[-79.405743999631341,38.708092999743485],[-79.405279000199258,38.708597999785468],[-79.40429400018516,38.709370999906305],[-79.403203999690774,38.710145999957319],[-79.402356999768926,38.710844000319682],[-79.402125999790272,38.71100399989249],[-79.401909999880203,38.71115399986774],[-79.401441000250145,38.711353999812481],[-79.400438999619297,38.711810000285944],[-79.399840000292897,38.712466999847102],[-79.399313000038205,38.713117000052513],[-79.398542000284365,38.714056000143245],[-79.397999000136153,38.715035000222557],[-79.397527999957958,38.715259000129898],[-79.397061999802631,38.715796999930916],[-79.397193000222202,38.71644599979463],[-79.396821999603134,38.717288999787172],[-79.39614499956059,38.718299999725794],[-79.393705999902366,38.720769000329831],[-79.393059999821986,38.721893000209512],[-79.392573999575177,38.722567000155905],[-79.392208999702191,38.723032000155442],[-79.391782999729841,38.723553000002894],[-79.391171999809572,38.724097999698039],[-79.390643999729974,38.72461200028112],[-79.389850000409908,38.725302000336406],[-79.389546999562896,38.72579900018895],[-79.389427999737194,38.726240000065353],[-79.388857999824793,38.726730000006093],[-79.3883580002326,38.726872000181842],[-79.387918999841474,38.727216999941398],[-79.387555999618314,38.727859000233309],[-79.387069000444896,38.728405000055176],[-79.386609999962275,38.728820999988677],[-79.386162000248603,38.729117999756326],[-79.385959999683948,38.729531999708307],[-79.385898999584569,38.729656000344214],[-79.385860000124822,38.73011699972448],[-79.385469000312582,38.730513000132319],[-79.385076999777098,38.730578000334603],[-79.384819999859147,38.730578000334603],[-79.383717999669187,38.730991000238213],[-79.383463000299386,38.731807000036298],[-79.382824999716604,38.732196000326176],[-79.38166300015051,38.733384000333217],[-79.380666000440854,38.73453999979791],[-79.37962899964991,38.736043999843794],[-79.378816999888173,38.737126999932464],[-79.378149999891406,38.738041000306019],[-79.377212999557898,38.738453999803433],[-79.37607000025838,38.739059999993707],[-79.375650000133817,38.739884999656745],[-79.375322999895658,38.7409029998012],[-79.375211999567568,38.741663000028872],[-79.375111000183551,38.742390000347804],[-79.37477200024982,38.74202400010622],[-79.352147000062971,38.733647000027752],[-79.351649000120588,38.733466000086068],[-79.351454999951841,38.733394999929544],[-79.351281999699466,38.733332000116434],[-79.351131000086738,38.733276999967195],[-79.348109999922229,38.732136000098969],[-79.345693999830189,38.731308999938584],[-79.345184000192276,38.731134000349172],[-79.344542000309858,38.73090799974851],[-79.341762999994671,38.729929999878472],[-79.341168999792828,38.729720999924673],[-79.340962000103602,38.729648000219278],[-79.340408999909627,38.729336000253539],[-79.34000800005164,38.729113999663845],[-79.339925000210954,38.729067999985688],[-79.338540000163789,38.728298999974648],[-79.338511999676385,38.728292999767035],[-79.338457000323118,38.728283000120719],[-79.338344000345202,38.728269000333206],[-79.338296999591236,38.728292999767035],[-79.338263000154342,38.728306000216193],[-79.338228999819165,38.728316999893615],[-79.33815199982628,38.728333999774023],[-79.337831000334219,38.728445999997888],[-79.337632999967511,38.728508999915256],[-79.337478000156807,38.728539000156729],[-79.337349000285371,38.728550999829331],[-79.337288000186007,38.728557000015229],[-79.337128000352436,38.728554999953332],[-79.337064999704936,38.728550999829331],[-79.336904000046445,38.728517000167791],[-79.336750000060661,38.728469000040896],[-79.336602999747569,38.728407000121322],[-79.336467000203442,38.728332999739941],[-79.336335999783884,38.72824999966609],[-79.336195000216875,38.728176999859194],[-79.336047000078864,38.728114999686163],[-79.335774000267421,38.728021999676201],[-79.335508999953547,38.727911000229241],[-79.335257999883382,38.727787000068574],[-79.335151999578159,38.727729999769963],[-79.334973000376323,38.727622000001524],[-79.334784000230442,38.727526999959927],[-79.33458599986372,38.72744300030476],[-79.334263999648442,38.727341999737668],[-79.334210000120095,38.72732799976577],[-79.33417800033304,38.727314999839464],[-79.334145999647674,38.727305000056262],[-79.333752000360676,38.727170999742661],[-79.332763999973537,38.726798000313032],[-79.332582000398673,38.72672399966676],[-79.332393000252779,38.726662999691904],[-79.332238000442075,38.726623000185675],[-79.331900000333277,38.72655300029507],[-79.331455999919271,38.726448999690163],[-79.331004000007653,38.726330000106138],[-79.330773000028955,38.726255999675985],[-79.33050699989019,38.726149999911151],[-79.33033299981291,38.726061999775368],[-79.330179999652032,38.725965999694786],[-79.330039000085037,38.725859000131841],[-79.329875000053505,38.725708000109258],[-79.329730000288549,38.725556999767541],[-79.329599999693897,38.725398999982666],[-79.329505999982558,38.725267999829576],[-79.32948000004329,38.72522000032324],[-79.329330000255467,38.72486000019456],[-79.329219999752297,38.724683000056039],[-79.329109000322532,38.724589999783817],[-79.328741000076505,38.724389000341802],[-79.328494000204287,38.724234999741689],[-79.32827099972323,38.724087000071918],[-79.327893000329766,38.723897000273688],[-79.327586000183089,38.723736000027166],[-79.327316999671254,38.723551999901886],[-79.327176000104274,38.723436000006025],[-79.327010000422916,38.72325899984439],[-79.326878000178453,38.723059000270453],[-79.326730000040442,38.722797000255035],[-79.326626000283369,38.722576999901349],[-79.326556999788082,38.722503999905122],[-79.326427999916646,38.722411999717281],[-79.326184000417484,38.722288999943807],[-79.326144000234535,38.722268999670057],[-79.326068999891447,38.722232000165043],[-79.326052999997927,38.72222399990968],[-79.325876000445902,38.722169000319781],[-79.325677000254288,38.722117000350032],[-79.325355000039011,38.722055999946434],[-79.325030000348988,38.722024999663958],[-79.324697000263072,38.721966000129093],[-79.324524000010712,38.721931000013747],[-79.324395999964196,38.721905000297426],[-79.324128000175577,38.721834999989895],[-79.323927000334137,38.721803000186874],[-79.32369700018036,38.721781000226407],[-79.323316000413854,38.721765000314626],[-79.323078999689073,38.721726999721291],[-79.322918999855517,38.72167500013073],[-79.322795999831854,38.721589999775148],[-79.322675000356341,38.721503999889663],[-79.322528999868155,38.721321999888488],[-79.322429000309043,38.721108000010496],[-79.322323999828754,38.720844000273694],[-79.322267999752256,38.720745999910761],[-79.321983000245226,38.720318999714806],[-79.321865000244443,38.720128000262143],[-79.321594000082783,38.719582999725723],[-79.321492999800441,38.719474000100895],[-79.321380999647459,38.719375999961947],[-79.321202000445624,38.719256999812849],[-79.320978999964552,38.719143000279253],[-79.320923999712946,38.719114999923349],[-79.320696999932252,38.718947999825552],[-79.320412000425222,38.718691999770023],[-79.320066999745393,38.718391000127966],[-79.319777000215467,38.71807799989147],[-79.3194900001603,38.717780000311585],[-79.319473000441874,38.717763000022913],[-79.319075000058604,38.717300999947248],[-79.31904800029443,38.717269000216781],[-79.318915000225047,38.717144000321873],[-79.318628999994772,38.716997000176995],[-79.318383999772379,38.716918000327055],[-79.318135000250365,38.716824999761855],[-79.317798999791378,38.716648000047591],[-79.317768999654149,38.716624999704095],[-79.317568999637615,38.716474999994404],[-79.317176000175536,38.716124999914946],[-79.317011000319098,38.715991999869892],[-79.316796000233936,38.715829999828586],[-79.316523000422464,38.715638000082947],[-79.31641899976708,38.715572000095101],[-79.316231000344416,38.715454000134812],[-79.316024999581771,38.715325999921966],[-79.315834999610971,38.715185000150562],[-79.315611000203319,38.714975999823537],[-79.315349000262486,38.714767000287232],[-79.315036000268051,38.714537000279094],[-79.314694999786184,38.714261000133483],[-79.314391999837483,38.714006000347062],[-79.314240000399835,38.713883999660219],[-79.314127000421934,38.713792999828151],[-79.313953000344654,38.713621000114188],[-79.313781999742119,38.713410999877787],[-79.313687000205888,38.713271000078414],[-79.313560999809184,38.713168000015905],[-79.31334200042437,38.713027999740625],[-79.313132000362089,38.71291200028611],[-79.313096000377087,38.712892000191957],[-79.313010000163345,38.712845000334163],[-79.312748000222541,38.712664000265036],[-79.312471000213094,38.712509000077837],[-79.312210000097195,38.712409999945173],[-79.312004000232875,38.712354999812206],[-79.311964999874817,38.712351999740044],[-79.311883999683957,38.712343000223669],[-79.311781999576723,38.712351000183254],[-79.311491000221878,38.712409999945173],[-79.311076000120181,38.712565999900832],[-79.310834000270859,38.712636000174705],[-79.310717999919902,38.71265399983352],[-79.310662999668324,38.712655000087032],[-79.310532000147077,38.712656999893007],[-79.310069000364791,38.712633000114344],[-79.309664000308828,38.712625999739267],[-79.309251999681877,38.71262699999312],[-79.309019000053368,38.712622000125421],[-79.30833000031528,38.712637999981261],[-79.308186000375244,38.712645999907842],[-79.308167999933573,38.712543000346642],[-79.308162000085801,38.712518999828731],[-79.308044999909939,38.712506000012084],[-79.307930000282212,38.712603000204325],[-79.307765000425761,38.712173000345054],[-79.307589999625264,38.711857000123267],[-79.307312999615846,38.71173699980617],[-79.307160000353278,38.711733999708073],[-79.30700600036748,38.711731999876228],[-79.307044999827241,38.711778000200034],[-79.307099000253899,38.711860999779859],[-79.307110999949472,38.711942999700874],[-79.307109000299647,38.712030999699465],[-79.307100000078819,38.712113999686572],[-79.307064000093803,38.712194999758346],[-79.306859999879308,38.712506000012084],[-79.30681600039668,38.71259800033495],[-79.3067400002287,38.712833000126906],[-79.306660999687679,38.713206000253614],[-79.306577999846994,38.71346799968255],[-79.3062680002256,38.714996000035541],[-79.306191000232715,38.715302999853989],[-79.305971000124671,38.716003000041141],[-79.305961999903843,38.716085000117111],[-79.30596799975163,38.716140000183778],[-79.305987999843111,38.716168000303412],[-79.306154000422779,38.716263000026771],[-79.306175000339181,38.716285999785889],[-79.306195000430662,38.716330000279576],[-79.306206000301316,38.716439999993533],[-79.306197000080502,38.716516999972896],[-79.306159000445646,38.716636999975663],[-79.305895999781612,38.717122000328992],[-79.305836000405463,38.717274999948302],[-79.305608999726431,38.717656000092127],[-79.304971000041974,38.718861000098464],[-79.304863000086954,38.719039000103493],[-79.304632999933176,38.718955999746818],[-79.304569000359081,38.718946000195537],[-79.304555000115357,38.718971000122401],[-79.304535999848781,38.719035000147635],[-79.304545999894543,38.719146000066445],[-79.304530000001009,38.719231999986029],[-79.3044870003433,38.719355000114973],[-79.304376000015225,38.71960300005032],[-79.30423500044823,38.719882999802174],[-79.304041000279454,38.720221000033689],[-79.303871000400136,38.720482000238434],[-79.303736999607537,38.720708000177339],[-79.30355400020774,38.720997000335558],[-79.303512000374951,38.721048000283375],[-79.302468999736234,38.723068999947095],[-79.301913999892449,38.723744000113243],[-79.30155499986725,38.723724000246726],[-79.300534999693056,38.723244999773257],[-79.300134999659974,38.723057000054652],[-79.298266999739042,38.72243799994996],[-79.297875999926802,38.72255699970821],[-79.297858000383442,38.723044000052084],[-79.297448000304627,38.723019000148369],[-79.297444999931571,38.723085999674453],[-79.297484000289643,38.723217999728533],[-79.297593999894488,38.723329000158706],[-79.297850999812439,38.723432000296285],[-79.297920000307741,38.723476999996805],[-79.298044000156295,38.723583000222845],[-79.298097999684643,38.723654999718079],[-79.298158999784022,38.723766000170222],[-79.298239000149948,38.723937999999947],[-79.298264000264311,38.724030999719126],[-79.298086999813989,38.725000999801118],[-79.298018000217013,38.725268999906561],[-79.297950000444942,38.725460000335779],[-79.2977570001011,38.725935999774563],[-79.297624999856623,38.72614799978188],[-79.297378999809339,38.726468000135412],[-79.297341999999404,38.726539000168565],[-79.297319000433191,38.72663200000644],[-79.297321999907922,38.726684000194631],[-79.297323999557761,38.726720000141007],[-79.29730199981644,38.726780000011324],[-79.297265999831424,38.726828999926475],[-79.297201000432409,38.726888999705253],[-79.296909000354376,38.727076999853871],[-79.296419999734525,38.72728899997972],[-79.296064999907273,38.727464999923654],[-79.295901999700646,38.727555999867981],[-79.295525000132102,38.72805100008415],[-79.295382000016957,38.728196999880907],[-79.295110000030405,38.728417999783197],[-79.294937999602951,38.728586000206008],[-79.294742999609298,38.728803000196699],[-79.294207999856994,38.729487000317235],[-79.293998999619632,38.729725999997775],[-79.293918000327068,38.72986199974936],[-79.293872000296318,38.730053999823518],[-79.29378400043278,38.730227999948752],[-79.293602999784497,38.730439999834637],[-79.293434999555004,38.730733999878048],[-79.293304999858663,38.73090799974851],[-79.2932799997443,38.73105600000563],[-79.293338000368948,38.731276000180948],[-79.293319000102372,38.73145700006566],[-79.293213999622068,38.731779999723194],[-79.293196999903643,38.731809000007203],[-79.293110999689915,38.731953999848997],[-79.293010000305884,38.732095000171675],[-79.292792999672585,38.732344999994993],[-79.292253999722334,38.732930000100673],[-79.291409000348636,38.733631999930026],[-79.291257999837597,38.733795000216134],[-79.29118500004266,38.733909000199475],[-79.291010000140474,38.7342079997401],[-79.290840000261156,38.73454700012865],[-79.29072899993308,38.734830000012479],[-79.290709999666504,38.734999999953288],[-79.290737000328988,38.735049999776493],[-79.290805999925965,38.735112000237343],[-79.29068399972725,38.735230999908737],[-79.290603000434686,38.73538899967248],[-79.290565999726468,38.735487000272805],[-79.290538000137374,38.735783999654934],[-79.290547000358202,38.735981000264935],[-79.290609000282473,38.736306000332604],[-79.290763000268271,38.736616000151088],[-79.290944999843148,38.736920999755604],[-79.290998000444915,38.737054000087447],[-79.291133999989029,38.737544000131678],[-79.291226999875462,38.737743999798539],[-79.291258999662503,38.737864999791086],[-79.291289999624652,38.738069000252395],[-79.291272999906212,38.738194999875297],[-79.291235000271371,38.73829800030277],[-79.291190999890446,38.738374999851828],[-79.290995999896765,38.738619000076724],[-79.290702000168892,38.739036999857156],[-79.290559999878681,38.73923900001077],[-79.290302000135824,38.73976799978],[-79.290215000097177,38.739898999970549],[-79.289977000445816,38.740180999800572],[-79.289011999624876,38.741511999779348],[-79.288852999616225,38.741713000092183],[-79.288462999628891,38.74216900023103],[-79.288235000023249,38.742615999652102],[-79.287783000111631,38.74334499972565],[-79.287686000027264,38.74359100012682],[-79.287414000040698,38.74411999988741],[-79.287308999560395,38.744398999736184],[-79.287162999970533,38.744648999932743],[-79.287041999596696,38.744993000212823],[-79.286923999595928,38.745265999970471],[-79.286778999830972,38.745731000057134],[-79.286675999898804,38.745949000296612],[-79.286555000423306,38.746611999929925],[-79.286417000331028,38.747087999947787],[-79.286360000429639,38.747439000155047],[-79.286328999569164,38.747526000113226],[-79.286270999842856,38.747612999965391],[-79.286198999872823,38.74769500019606],[-79.286048000260095,38.747834999808305],[-79.285976000290077,38.747916999783975],[-79.285910999992751,38.748020000201009],[-79.285762000029834,38.74837999991297],[-79.285659999922572,38.748538000011308],[-79.285495000066149,38.748700000156987],[-79.285408000027488,38.748820000053819],[-79.285120999972321,38.749365000345733],[-79.284924000328829,38.74966400033248],[-79.284695999824891,38.750110999771913],[-79.284479000089902,38.750398999658486],[-79.284400000447192,38.750458999955676],[-79.284058999965325,38.750668000176702],[-79.283075999601067,38.751570999978114],[-79.28288300015555,38.751733000246922],[-79.282760999956807,38.751829999730248],[-79.282618999666596,38.751888000116701],[-79.282436000266785,38.751935000214075],[-79.28235800044898,38.75196100020996],[-79.282031000210836,38.752159999729997],[-79.281469999620953,38.752447999756868],[-79.281171999695118,38.752575000323901],[-79.280344000039875,38.752870999703859],[-79.280206999772517,38.752922000015005],[-79.279564999890113,38.753162000124867],[-79.279401999683486,38.753231000173457],[-79.279237999651954,38.75334900009188],[-79.279087000039212,38.753523000209313],[-79.278878999626755,38.754002999783829],[-79.278799000159111,38.754133999778389],[-79.278596999594455,38.754350000239072],[-79.278517000126826,38.754481000297339],[-79.278426999715137,38.754704999829215],[-79.27834300004956,38.755286000286226],[-79.278245999965165,38.755245999996397],[-79.278175999644972,38.755239999950987],[-79.278091999979381,38.755237999935758],[-79.277958000085079,38.755268999815542],[-79.277893999612672,38.755274000201631],[-79.277691000121379,38.755243000324029],[-79.277486999906884,38.755294999998071],[-79.277445000074096,38.75529999968186],[-79.277194999828836,38.755192000270135],[-79.277111000163259,38.755168999725633],[-79.276838000351773,38.755164999691139],[-79.276740000442487,38.755147000233471],[-79.276634999962198,38.755112000263246],[-79.276275000112079,38.754937000154499],[-79.27613600019491,38.754891000294826],[-79.276084000316359,38.754883999856752],[-79.276035999737474,38.754879999806235],[-79.276025999691726,38.754898000031723],[-79.275968999790322,38.754964999780412],[-79.275884000299826,38.755034000187699],[-79.275799999735924,38.75507799993543],[-79.275623000183913,38.755149999909875],[-79.275550000388989,38.755174000118785],[-79.275504000358225,38.75521199973241],[-79.275466999649993,38.755256000070965],[-79.275435999687843,38.75531599978833],[-79.275423000167365,38.755380000178512],[-79.275429000015151,38.755445000165807],[-79.27545499995442,38.755574000310141],[-79.275461999627126,38.755703999872189],[-79.275450999756458,38.755833999897945],[-79.275423000167365,38.755961999691969],[-79.275198999861374,38.756802000349794],[-79.275074000187928,38.757318000225368],[-79.274922999676875,38.757831000309217],[-79.274861999577496,38.75802300014611],[-79.274818999919788,38.75821799971439],[-79.274793999805425,38.758415000077164],[-79.274787000132733,38.758611999896146],[-79.274787000132733,38.758815000317661],[-79.274770000414307,38.759018000161817],[-79.274735000254196,38.759219000225315],[-79.274681999652429,38.759417999824549],[-79.274547999758141,38.759711000062019],[-79.274396000320493,38.759998999742308],[-79.274226000441175,38.760279999752399],[-79.274001000310278,38.760604000317549],[-79.273804999593366,38.760936000235525],[-79.273730000148632,38.761022000278899],[-79.273652000330827,38.761082000052291],[-79.273561000094233,38.761131000250046],[-79.273460999636796,38.761167000345374],[-79.273324000267763,38.761192000206279],[-79.273185000350594,38.76120200014816],[-79.273072000372679,38.761200000300008],[-79.272932999557185,38.761184999685746],[-79.272851000439744,38.761169000194457],[-79.272656000446077,38.76115600012362],[-79.272617000088019,38.76115600012362],[-79.272559000361682,38.761157999973001],[-79.272459999729193,38.761159000247943],[-79.272264999735526,38.761176000016121],[-79.272010000365697,38.761215999784341],[-79.271935000022623,38.761233999812781],[-79.271874999748164,38.761253000110358],[-79.271816000196949,38.761274000248967],[-79.271770000166185,38.761294000108407],[-79.271046000268015,38.761620000109062],[-79.270648999709664,38.761791999844419],[-79.27044200002041,38.761899000211805],[-79.270246000201851,38.76201699980902],[-79.27013300022395,38.76209300013489],[-79.26983100010014,38.762355000305931],[-79.269082000087622,38.763013999972273],[-79.268945999645155,38.763122999702546],[-79.268821999796614,38.7632410000775],[-79.268713000016675,38.763367999651628],[-79.268636999848695,38.763474999757157],[-79.268426999786399,38.763845000247024],[-79.268224000295135,38.764176000263319],[-79.268117999989911,38.764379999796347],[-79.268026999753303,38.764587999653671],[-79.26795399995838,38.764801000024079],[-79.267892000034109,38.765012000017315],[-79.267813000391399,38.765213000008188],[-79.267716000307004,38.765409999972448],[-79.26762599989533,38.765562000319846],[-79.267505000419803,38.765721999930122],[-79.267369999802298,38.765874999821619],[-79.267317000098828,38.765927000154129],[-79.267223000387503,38.766019999832594],[-79.267029000218741,38.766182999729779],[-79.265798999982266,38.767091999808692],[-79.265551000285157,38.767300000164923],[-79.265461999698374,38.767381000004889],[-79.265305000237859,38.767539000067984],[-79.264962000106181,38.76792200003657],[-79.264634999868036,38.768314000221608],[-79.264266999622023,38.768776000250917],[-79.263732999694625,38.769405000276457],[-79.263597000150497,38.769541000101746],[-79.263445999639444,38.769666000057548],[-79.263281999607912,38.769780999655353],[-79.263052000352474,38.769921000072671],[-79.262694999977086,38.770150000213057],[-79.262332999578831,38.77039999987263],[-79.261805000397544,38.770782999890194],[-79.261408999664113,38.771080999664633],[-79.261330000021388,38.771134999974713],[-79.261249999655462,38.771189000243851],[-79.261156999769042,38.771232999836364],[-79.261097000392908,38.771253999839196],[-79.260991999912605,38.77127700010206],[-79.260905999698863,38.771284999765435],[-79.260820000383461,38.771282000066869],[-79.260714999903172,38.771263999771676],[-79.260635000435542,38.771241000205009],[-79.260540999825878,38.771199000185462],[-79.26045899981014,38.771146000058764],[-79.260307000372464,38.770937000272205],[-79.260149000188719,38.770678999962655],[-79.260102000333063,38.770602999677244],[-79.26002600016507,38.770521999993534],[-79.259946999624063,38.770464000042452],[-79.259857000110671,38.770417999685435],[-79.259818999577533,38.770403000308626],[-79.25957099988041,38.77033799993788],[-79.259376999711648,38.770274999802155],[-79.259142000433314,38.770184999811946],[-79.259000000143104,38.770135000079556],[-79.258850000355267,38.770099000306587],[-79.258594000262235,38.77005899991498],[-79.258434000428664,38.770024000254331],[-79.258291000313548,38.769982000218597],[-79.258173000312752,38.769930000040105],[-79.258065000357732,38.769866000091596],[-79.257943000158988,38.769768999906979],[-79.257856000120356,38.769672000290875],[-79.257795000020977,38.769591000250415],[-79.257699999586436,38.76949200007612],[-79.257603000400366,38.769409999672071],[-79.257548999973693,38.769387000208049],[-79.257488999699234,38.769377000012447],[-79.25742699977495,38.769383000270032],[-79.257369999873561,38.769401999798426],[-79.257292999880647,38.769453999661444],[-79.257201999644053,38.769528000155404],[-79.257121000351518,38.769609000267351],[-79.256991999581771,38.769712999653706],[-79.256851000014763,38.769807000153868],[-79.256729999640953,38.769873999913209],[-79.256568999982477,38.769945999668018],[-79.256365999592873,38.770016999899902],[-79.256169999774315,38.770108000251561],[-79.256005999742769,38.770170999834363],[-79.255815999771983,38.770230000171445],[-79.254848000374636,38.770498000043624],[-79.254735000396735,38.770513000100792],[-79.254644000160127,38.770514999687933],[-79.254209999791868,38.770505999794352],[-79.25386500001035,38.770538000189063],[-79.253522999703591,38.770583000325878],[-79.252950000316474,38.770676999679665],[-79.252741000079098,38.770727999873309],[-79.252658000238426,38.770751999745841],[-79.252623000078316,38.770766000309749],[-79.252428000084635,38.770850000133663],[-79.252207999976619,38.770959999936885],[-79.251997000089432,38.771081999800465],[-79.251837000255861,38.771186999975221],[-79.251393999666746,38.771422000339939],[-79.250939000280397,38.771666999806477],[-79.250151999734712,38.772064000334417],[-79.249823999671648,38.772243000243158],[-79.249236000215916,38.772536999760213],[-79.249052999917822,38.772621000300077],[-79.248792999626815,38.772713999656901],[-79.248343000263333,38.772883999741659],[-79.247682999939258,38.773123999954322],[-79.247447999762613,38.773264000114025],[-79.247272000035508,38.773400999689166],[-79.24710499963092,38.773556000123158],[-79.246938999949592,38.773735999888231],[-79.246487999862865,38.774356000193229],[-79.246263999556888,38.774684000212631],[-79.245809000170539,38.775321999956994],[-79.245589000062509,38.775650999807908],[-79.245368000129574,38.775971000337805],[-79.24529399961142,38.776072000055912],[-79.245067999655603,38.776382000183666],[-79.245055999960044,38.776441000285779],[-79.245056999784964,38.776532000145764],[-79.245090000295221,38.776632999769831],[-79.24492999956334,38.776577000002902],[-79.2448209997834,38.776555000107429],[-79.244748999813368,38.776555000107429],[-79.244569999713235,38.776571999708921],[-79.244322999841017,38.776619999715265],[-79.243783999890766,38.776688000135941],[-79.243552999912083,38.77669800000691],[-79.243239000092728,38.776681999792437],[-79.242823999991032,38.776628000180104],[-79.242603000058097,38.776609999833362],[-79.242358999660624,38.776599999950001],[-79.242066999582576,38.776544000157124],[-79.241310999897337,38.776340999751582],[-79.241003999750674,38.776279000078318],[-79.240780000343008,38.776246000094709],[-79.240618999786207,38.776252999837837],[-79.240465999625343,38.776269000148552],[-79.239865999575727,38.776376999876014],[-79.239519999969318,38.776409999799014],[-79.238734000146835,38.776398999826398],[-79.238324000068019,38.776399999887616],[-79.238119999853524,38.776396999703856],[-79.237946999601149,38.776366999959983],[-79.237779000269967,38.776319999845704],[-79.237570000032605,38.776241999841005],[-79.236656999988526,38.775805000185201],[-79.236347000367132,38.775668999696336],[-79.236318000054837,38.775658000309775],[-79.23605799976383,38.775561000297472],[-79.235898999755165,38.775523000314472],[-79.235809000241801,38.775491000055084],[-79.235358000155074,38.775418000219304],[-79.234770999625951,38.775328999790801],[-79.234598000271902,38.775317000275365],[-79.234081999887863,38.775311999893042],[-79.233454000249154,38.77531500012249],[-79.232705000236606,38.775311999893042],[-79.232583999862769,38.775337999776269],[-79.232454000166442,38.775398000116979],[-79.232295999982696,38.775510000057643],[-79.231853000291906,38.77589899966091],[-79.231688000435469,38.776035999777584],[-79.230987999928402,38.776620999773442],[-79.230388999703706,38.777132999691815],[-79.230192999885119,38.777289999816766],[-79.229910999852819,38.777483999908618],[-79.229647000262162,38.777642000005066],[-79.229403999689609,38.777742000115687],[-79.229053999885238,38.777847000291032],[-79.228149000237096,38.778072000046201],[-79.227459999600697,38.778251000284378],[-79.227334000102317,38.778272999656636],[-79.227206000055801,38.778284000040593],[-79.22707600035946,38.778285000075378],[-79.226948000312944,38.778274999726605],[-79.22682100009132,38.778254999725078],[-79.226698000067685,38.778225000062477],[-79.226579000242012,38.778183999989629],[-79.226466000264082,38.77813500029864],[-79.226374000202583,38.77808499983604],[-79.226210000171051,38.777969000280621],[-79.226158000292514,38.777942999955918],[-79.226101000391097,38.777925999980887],[-79.226009000329597,38.777919999741599],[-79.225919999742828,38.777937999757697],[-79.225867000039372,38.777962000005587],[-79.22571899990136,38.77805900025394],[-79.225560999717629,38.778208000154677],[-79.225487999922706,38.778304000033934],[-79.225458999610368,38.778378999784032],[-79.22545199993769,38.77846799990801],[-79.225472999854077,38.778581999991161],[-79.225523000082802,38.778751000067821],[-79.225565999740482,38.778898999897187],[-79.225603000448743,38.779010999942464],[-79.225660000350146,38.779118999719451],[-79.225709999680547,38.779215999794751],[-79.225786999673431,38.779440000114221],[-79.225933999986523,38.779908000286831],[-79.226154999919473,38.780407999657442],[-79.226195999927342,38.780583000324576],[-79.226201999775128,38.780722999848848],[-79.226188000429744,38.780902999733641],[-79.226164999965206,38.781041000037924],[-79.226103000040922,38.781196999968969],[-79.226011999804328,38.78137800004928],[-79.225879999559865,38.781579000145669],[-79.225667999847758,38.781857999925734],[-79.225478999701863,38.782127000206032],[-79.225094999562302,38.782714999875559],[-79.224950999622266,38.782916999674391],[-79.224861999933808,38.783025999806554],[-79.225016999744497,38.783143000206252],[-79.225266000164837,38.783343000265361],[-79.225307999997639,38.783391999879186],[-79.225338999959789,38.78344699993437],[-79.2253559996782,38.78350399987044],[-79.225360999701081,38.783564000343539],[-79.225352000378564,38.783623000105955],[-79.22532999973896,38.783679999901345],[-79.225294999578864,38.783731999859143],[-79.225249000446411,38.783779999948138],[-79.225180999776029,38.783827000047772],[-79.224964999865961,38.784081999854429],[-79.22491600036048,38.784153999972503],[-79.22487000032973,38.784241999940313],[-79.224836999819445,38.784333000349775],[-79.224816999727963,38.784425999840302],[-79.224810000055271,38.784520999804471],[-79.224816999727963,38.784614999696061],[-79.22483799964435,38.784709000163978],[-79.22487100015465,38.784799999977423],[-79.224917000185386,38.784886999905943],[-79.224974999911709,38.784969999964176],[-79.225045000231901,38.785048000226105],[-79.225124999699545,38.785119000129981],[-79.22521500011122,38.785181999758656],[-79.225359999876176,38.785265000173723],[-79.22548600027288,38.785362000291677],[-79.225558000242899,38.785434999751978],[-79.225617999619047,38.785514000138917],[-79.225667000022838,38.785598000099725],[-79.225703000007854,38.785684999754714],[-79.225725999574067,38.785774999793233],[-79.225764000107205,38.786064999844641],[-79.225793000419529,38.786259999795455],[-79.225855000343827,38.78646399989497],[-79.225966999598484,38.786704999840481],[-79.226070000428976,38.786900000141507],[-79.226169000163168,38.787035000306822],[-79.226317000301179,38.787180999928133],[-79.22649499967811,38.787327999858711],[-79.226697000242766,38.787475000186362],[-79.226732000402876,38.787491999985633],[-79.226795999976972,38.787531999703177],[-79.226851000228564,38.787580000034808],[-79.226894999711178,38.787633999756622],[-79.226927000396543,38.787692999652258],[-79.227005000214348,38.788005000175595],[-79.227093999902806,38.788202000213452],[-79.227216000101535,38.788372999684171],[-79.22735800039176,38.788549000299838],[-79.227522000423292,38.788723999892355],[-79.227666000363342,38.788855999744939],[-79.227960999916121,38.789115999885546],[-79.228073000069116,38.789206999675699],[-79.228216000184247,38.789290000306359],[-79.228384000413726,38.789346999772413],[-79.228550000095083,38.789379000115979],[-79.229043000014585,38.789437000089457],[-79.22942499960601,38.789535999886937],[-79.229549000352876,38.789601000266188],[-79.229631000368656,38.78967299971228],[-79.229716999684058,38.789798000094983],[-79.229777999783423,38.789947999844749],[-79.229812999943519,38.7900779997927],[-79.229812000118628,38.790129000116856],[-79.229822000164361,38.790192000219847],[-79.229844999730574,38.790253999699992],[-79.22988099971559,38.790310999795601],[-79.229927999571245,38.790362999818534],[-79.229986000195879,38.790408999914916],[-79.230052000318125,38.79044599980346],[-79.230125999937968,38.790474000198351],[-79.230203999755787,38.790492999709876],[-79.230413999818069,38.7905960002903],[-79.230532999643742,38.790668000131795],[-79.230633000101164,38.79076099976109],[-79.230739000406388,38.790902000164699],[-79.230843000163446,38.791075999727113],[-79.230792999934749,38.791122000063545],[-79.230756999949733,38.791191999666211],[-79.230587000070415,38.791346999942107],[-79.230536000016812,38.791421000126633],[-79.230529000344106,38.791458000190097],[-79.230534000366973,38.791510000076464],[-79.230546999887437,38.791562999773575],[-79.230580000397737,38.791616000131349],[-79.230932999676824,38.791915000222851],[-79.231002999997031,38.791978999990512],[-79.23102800011138,38.792041999858817],[-79.231071999594008,38.792294000175573],[-79.231104000279373,38.792343999776904],[-79.231162999830602,38.792385000109981],[-79.231233999975714,38.792402000138658],[-79.231305999945747,38.79240500034927],[-79.231382999938631,38.792393000206367],[-79.231468000327425,38.792358000303132],[-79.231618999940181,38.792280000336952],[-79.231733999567908,38.792395999717129],[-79.231921999888883,38.792565999795613],[-79.232111000034763,38.792757000141464],[-79.232302999655388,38.792963000212097],[-79.232593999908531,38.793319000045543],[-79.232702999688485,38.793485999858177],[-79.232782000229491,38.793642999685815],[-79.232836999582773,38.79377600004964],[-79.232879000313886,38.793840000246831],[-79.232947999910849,38.793886000199912],[-79.233030999751534,38.793913999943726],[-79.233162999995997,38.793931000307964],[-79.233181000437668,38.793931000307964],[-79.233292999692367,38.793933999753989],[-79.233450999876098,38.79390600001804],[-79.233773000091389,38.793818000076136],[-79.234141000337402,38.793656999956909],[-79.234307000018759,38.793542000349227],[-79.234461000004558,38.793425000210966],[-79.234630999883862,38.793255999905533],[-79.234903999695334,38.793013000044276],[-79.235041999787597,38.792950000333981],[-79.235019000221385,38.792938000282831],[-79.234897999847561,38.79294300012937],[-79.234760999580203,38.792975000259041],[-79.234669000417014,38.793014999700752],[-79.234645999952477,38.793017000057347],[-79.234645999952477,38.79298700030396],[-79.234741000387018,38.792887999697868],[-79.234866000060507,38.792794000211622],[-79.234962000319968,38.792732000139992],[-79.2354579997142,38.792513999979406],[-79.235708999784364,38.792411999906534],[-79.235836999830894,38.792343999776904],[-79.235958000204704,38.79226800017301],[-79.236050000266232,38.792190999948154],[-79.236162000419213,38.792035000265173],[-79.236211999749614,38.792015999764331],[-79.236237999688882,38.792014999922074],[-79.236256000130538,38.792027000128606],[-79.236261000153419,38.792046999768218],[-79.236257999780364,38.792077999758561],[-79.236203000427096,38.792200999745674],[-79.236085000426328,38.792410000233147],[-79.236190999833212,38.79236700023985],[-79.236309999658914,38.792334999837237],[-79.236550999683331,38.79229999990558],[-79.236775999814228,38.792285000229647],[-79.237171999649362,38.792283999691023],[-79.237524000001855,38.79226800017301],[-79.237734000064137,38.792265999795397],[-79.237894999722627,38.792289000283567],[-79.238046000233666,38.792346000152328],[-79.238211000090118,38.792432999974679],[-79.238340999786473,38.792526999936989],[-79.238371999748608,38.792563000291956],[-79.23839000019025,38.79260299996492],[-79.238396000038037,38.792644999982407],[-79.238387999642114,38.79268699997516],[-79.238366999725727,38.792725999746239],[-79.238334000113753,38.792760000337125],[-79.238292000280964,38.792786999991648],[-79.238242000052267,38.79280499975571],[-79.238189000348797,38.792812999804966],[-79.23788399985196,38.792823000215293],[-79.237749000132752,38.792845999823562],[-79.237652999873276,38.792876000336456],[-79.237518999978974,38.792932999735818],[-79.237364999993204,38.793028000267192],[-79.237273999756596,38.793098000098617],[-79.237232999748713,38.793155000020569],[-79.237196999763711,38.793230000253857],[-79.237181999695096,38.793307999880604],[-79.237175999847324,38.793421000220796],[-79.237179000220351,38.793606999876317],[-79.237174000197484,38.793759000348651],[-79.237156999580733,38.793868000008715],[-79.23709600037968,38.794031999793454],[-79.23703799975506,38.794165999943694],[-79.236960999762147,38.794254000156066],[-79.236871000248783,38.794333999682038],[-79.236739999829226,38.79443000025497],[-79.236729999783464,38.794450999728518],[-79.236722000285866,38.794488000319653],[-79.236727000308747,38.794525999998385],[-79.236744999852093,38.794562000043889],[-79.236774999989322,38.794591999834537],[-79.236815000172285,38.794615000272259],[-79.236836999913578,38.794623000118406],[-79.236884999594167,38.794630999963616],[-79.236933000173067,38.794628999652325],[-79.236980000028723,38.794616999883843],[-79.237409000374129,38.794565999970033],[-79.237514999781013,38.794569999895948],[-79.237610000215568,38.79459599975899],[-79.237713000147735,38.794642999729746],[-79.237836999996304,38.794720000106373],[-79.237990999982074,38.794853999663268],[-79.238324999892924,38.79511400033163],[-79.238430000373228,38.795210999651374],[-79.238492000297512,38.795281000139482],[-79.238528000282514,38.795380000222373],[-79.238529999932339,38.795422999798276],[-79.238518000236766,38.795489999997592],[-79.238488999924456,38.795584999921445],[-79.238417999779358,38.79573299981584],[-79.238258999770693,38.795993999864621],[-79.238082000218682,38.796321999775131],[-79.237963000393009,38.796585999801941],[-79.237946999601149,38.796656000339873],[-79.237950999799111,38.796707999934803],[-79.237985999959221,38.796757000164682],[-79.238067999974987,38.796801999860314],[-79.238134000097219,38.796832000108388],[-79.238433999672864,38.796879000004822],[-79.238631000214681,38.796927000343814],[-79.238867000216231,38.79702000020842],[-79.239157999571049,38.797143000068779],[-79.239401999968536,38.79725500016113],[-79.239442999976404,38.797291999996695],[-79.239457000220114,38.797342000292687],[-79.239452000197247,38.797378000316094],[-79.239417999862042,38.797405000321689],[-79.239361999785558,38.797424000086103],[-79.239258000028471,38.797436000082122],[-79.239063999859738,38.797448999842125],[-79.238893999980419,38.797487999808077],[-79.238741999644446,38.797537000201814],[-79.238558000419744,38.797612999788463],[-79.238418999604249,38.797680999792163],[-79.238334000113753,38.797750999954708],[-79.238225000333813,38.797844999904754],[-79.238124000051485,38.797964000006303],[-79.238052999906373,38.798088999851934],[-79.238022999769143,38.798186000023563],[-79.238017999746262,38.798280000099972],[-79.238035000363013,38.798394000011356],[-79.238081000393777,38.798540000172025],[-79.23815599983854,38.798708999850227],[-79.238251000273081,38.798877999827731],[-79.238344000159501,38.799027000328877],[-79.238385999992303,38.799088999825351],[-79.238452999939454,38.799239000326331],[-79.238484999726509,38.799353000103913],[-79.238497000320379,38.79947199978767],[-79.238488999924456,38.799628999731233],[-79.238453999764374,38.79983899987306],[-79.238402999710743,38.800060999650164],[-79.238336999588483,38.800234999956992],[-79.238252999922892,38.800436000096362],[-79.238156999663445,38.800648999823885],[-79.238094999739161,38.800821999676344],[-79.238062999952106,38.800971000313304],[-79.238042999860625,38.801144999798275],[-79.238046000233666,38.801280000288905],[-79.238078999845641,38.801382000272135],[-79.238175000105116,38.80157700032796],[-79.238300999603496,38.8018140000651],[-79.238462000160283,38.802064999733638],[-79.238528000282514,38.802164000193685],[-79.238642000085335,38.80231500022041],[-79.238803999568731,38.802477999774176],[-79.239345999892038,38.802986000080345],[-79.239457000220114,38.803076999664512],[-79.239595000312377,38.803158000173568],[-79.239704000092317,38.803212999680305],[-79.239873999971635,38.803265999775739],[-79.240052000246877,38.803329999851634],[-79.240210000430622,38.803417000267338],[-79.240339000302029,38.803503000195732],[-79.240419999594593,38.80358499990048],[-79.240478000219213,38.803663999774386],[-79.240509000181348,38.803732999982472],[-79.240523000425057,38.803787999745389],[-79.240528000447938,38.8038390000604],[-79.240519000227096,38.804118999904055],[-79.240520999876921,38.804186000328528],[-79.240531999747574,38.804259999783795],[-79.240573999580363,38.804386000155148],[-79.240638999877689,38.804536000006749],[-79.240910999864255,38.805001000270003],[-79.240983999659207,38.805082999650885],[-79.241036000436054,38.805120000322376],[-79.241069000048,38.805135000097223],[-79.241173999629993,38.805165000337453],[-79.241314000270393,38.805176999729994],[-79.241806000364988,38.805153999900803],[-79.242301999759221,38.805118000305484],[-79.243239000092728,38.805020000109309],[-79.243320000283589,38.80502200012895],[-79.243418000192875,38.805036999924432],[-79.243533999645507,38.805067999865088],[-79.243864000256707,38.805200999909069],[-79.244058000425483,38.805251999912663],[-79.244243000373402,38.805284999772034],[-79.244491000070511,38.805318999971767],[-79.244901000149341,38.805385000313215],[-79.245044000264471,38.805434000177073],[-79.245169999762865,38.805505000077261],[-79.245260999999445,38.805579000262718],[-79.245336000342533,38.805672999687431],[-79.245363000106707,38.80575899969292],[-79.245363000106707,38.805869000248705],[-79.245337000167424,38.805974000302598],[-79.24529399961142,38.806077999856726],[-79.245170999587756,38.806270999677054],[-79.2451179998843,38.806414999819083],[-79.245108999663486,38.806525000062074],[-79.245153000044425,38.806652999901871],[-79.245234000235271,38.806800999911253],[-79.245404000114576,38.807033999846986],[-79.245455000168207,38.807147000124232],[-79.245503999673687,38.807298999718931],[-79.245560999575105,38.807435000076133],[-79.245644000314087,38.80752600027828],[-79.245779000033295,38.807614999717373],[-79.246328999854214,38.807801000128897],[-79.246732000260337,38.807910000012633],[-79.247031999835997,38.807998999672044],[-79.247256999966908,38.808084000053078],[-79.247369999944794,38.808144999753381],[-79.247477000074923,38.808229000345477],[-79.24756400011357,38.808316999992797],[-79.247616999816998,38.808396000219965],[-79.24765600017507,38.808483000049812],[-79.247668999695563,38.808594999819107],[-79.247657999824895,38.808714999776576],[-79.247616999816998,38.808878999694841],[-79.247560999740514,38.809016000139621],[-79.247461000181417,38.80916600004344],[-79.247369999944794,38.809252000032501],[-79.247261999989774,38.809311000233542],[-79.247005000071823,38.809386999862845],[-79.246724999689334,38.809431999982834],[-79.246449000403132,38.809444000056679],[-79.246203000355834,38.809444000056679],[-79.246163000172857,38.809461999813685],[-79.246123999814813,38.809506000289353],[-79.246091000202853,38.809576000035605],[-79.246095000400814,38.809671000081245],[-79.246085000355066,38.809710999952017],[-79.246097000050625,38.809755000273945],[-79.246133999860547,38.80978899974042],[-79.24619400013502,38.809807999702855],[-79.246615000084475,38.809846999904657],[-79.246796999659367,38.80987900014398],[-79.246984999980356,38.809934000062441],[-79.247142000339181,38.809990000228503],[-79.247255000317082,38.810065000244435],[-79.247322000264234,38.810130000100997],[-79.247390000036305,38.810235000174849],[-79.247457999808361,38.810453000027202],[-79.247486000295766,38.81057799966409],[-79.247503000014206,38.810715000341375],[-79.247451000135669,38.811270999792761],[-79.247302999997643,38.812195000209748],[-79.247260000339963,38.812410000295394],[-79.247220000156986,38.812676000020815],[-79.247179999974009,38.812839999919618],[-79.247138999966126,38.812981000038711],[-79.247061999973241,38.813166999738975],[-79.2469320002769,38.813453000069146],[-79.246809000253251,38.813661000287944],[-79.24674399995591,38.81380599972784],[-79.246708999795814,38.813966000287792],[-79.246697999925161,38.81410100028382],[-79.24672800006239,38.814285000099694],[-79.246783000313982,38.814424999930232],[-79.246856000108906,38.814565000185588],[-79.246953000193301,38.814690000306008],[-79.247070000369149,38.81482199966311],[-79.247211999761049,38.814951999734653],[-79.247272999860428,38.815005999716192],[-79.247760999757062,38.815393999883035],[-79.248124999805128,38.815706000230215],[-79.248279999615832,38.815857999760603],[-79.248396999791709,38.815999000204606],[-79.248515999617382,38.816156000127329],[-79.24876199966468,38.81654700022272],[-79.248831999984873,38.816646000156908],[-79.248899999756929,38.816718999772796],[-79.24906200013865,38.816846000000069],[-79.249141999606252,38.816915000039614],[-79.249206999903606,38.816985000204141],[-79.249425000361811,38.817243999724802],[-79.249555000058152,38.817359000277463],[-79.249760999922458,38.817525000260808],[-79.24990900006047,38.817659000327772],[-79.250129999993419,38.81790499997193],[-79.250315999766244,38.81803299966122],[-79.250463000079336,38.81812199997119],[-79.250766999852956,38.818317999876342],[-79.250930000059569,38.818410000345736],[-79.251115999832408,38.818508000319326],[-79.251401000237763,38.818633999987306],[-79.25167800024721,38.818748999695217],[-79.251734000323694,38.818773000201183],[-79.251831000408089,38.818811999693807],[-79.253150000333008,38.819327000125377],[-79.253418999946533,38.819418999991122],[-79.253623999985933,38.819506999812312],[-79.253735000314009,38.819577000228747],[-79.253910000216209,38.819736000269067],[-79.253972000140479,38.819814999730077],[-79.253994999706705,38.81985599965504],[-79.254125000301372,38.820245000141199],[-79.254184999677506,38.820484999795028],[-79.254229999883336,38.820617999750596],[-79.254251999624657,38.820685000055107],[-79.254306999876235,38.820811000070563],[-79.254480000128595,38.821122999782425],[-79.25474899974212,38.821583999745982],[-79.254828000283126,38.821689999857547],[-79.254880999986597,38.821744999754259],[-79.255111999965266,38.821913999679985],[-79.254923999644305,38.822145000333492],[-79.25485800042037,38.822259999970449],[-79.254820999712138,38.822375000121497],[-79.254824000085179,38.822500999946008],[-79.254835999780767,38.822584000291783],[-79.25492199999448,38.822810000321361],[-79.254933999690053,38.822908999947387],[-79.254947000108842,38.823228000294279],[-79.254845000001581,38.8234020000084],[-79.254829000108046,38.82344600027097],[-79.254820999712138,38.82349500030864],[-79.254849000199528,38.823787000334079],[-79.254778999879349,38.824066000061748],[-79.254769999658507,38.824169999795934],[-79.254788999925083,38.824230999717379],[-79.254844000176675,38.824302999867179],[-79.254947000108842,38.824403000304372],[-79.255034999972381,38.824515000235351],[-79.255082999652956,38.824587000097964],[-79.255101000094612,38.824686000052573],[-79.255105000292573,38.824807000276792],[-79.255086999850917,38.824960000057651],[-79.255149999600107,38.82527399993657],[-79.255120000361188,38.825366999891273],[-79.25495399978152,38.825518999796429],[-79.254911000123826,38.82558400024611],[-79.25490899957569,38.825626999789662],[-79.254911000123826,38.825696999788512],[-79.254942999910881,38.82596599977348],[-79.254948999758653,38.826048000214527],[-79.254952999956615,38.826074999852644],[-79.254988000116711,38.826215999662594],[-79.254993000139592,38.826254999977614],[-79.254918999621424,38.826401999788757],[-79.254860999895101,38.826467000132112],[-79.254783000077296,38.826498999902583],[-79.254515000288706,38.826560999985418],[-79.254456999664072,38.826615000261953],[-79.254260999845485,38.826881000119073],[-79.254196000446484,38.826946000025153],[-79.254117999730354,38.827010999871831],[-79.253704000351874,38.827251999862256],[-79.253589999650742,38.827337999707794],[-79.253381000311691,38.827554999653707],[-79.253208999884237,38.827689999782983],[-79.252608000009715,38.827850999980832],[-79.252387999901671,38.827940999954514],[-79.252310000083881,38.827988999660647],[-79.252043999945087,38.828226999737652],[-79.251972999799975,38.828274999950793],[-79.251886999586262,38.828304000209684],[-79.251765000285829,38.828346000177611],[-79.25166099963046,38.828380999898648],[-79.251604999553962,38.828395999673845],[-79.251108000334824,38.828625000235043],[-79.250858999914456,38.828730999661715],[-79.250159000305729,38.828940000069309],[-79.250010000342826,38.829004000171807],[-79.249767999595164,38.82914299973713],[-79.249589000393343,38.829282999749893],[-79.249461000346813,38.829330999950812],[-79.249334000125202,38.829346000225655],[-79.249269999652782,38.829371999994763],[-79.24924899973638,38.829393999684278],[-79.249165999895723,38.829617999762505],[-79.249156999674881,38.829694000116241],[-79.249177999591268,38.829721999784113],[-79.249359000239565,38.829768999676766],[-79.249365000087337,38.829796000003078],[-79.249343000346045,38.829873000177621],[-79.24926299998009,38.829959999665675],[-79.24917000009367,38.830013000154345],[-79.249050000443063,38.830065999903738],[-79.248852000076369,38.830118000306079],[-79.248379000248349,38.830199000157357],[-79.247889999628484,38.830378999652389],[-79.247445000287868,38.830515000026459],[-79.247008000444879,38.830859999809753],[-79.246856000108906,38.831049999676232],[-79.246781999590738,38.831186000167861],[-79.246729999712215,38.831299999906435],[-79.246668999612837,38.831491999974176],[-79.246644000396799,38.831655999928103],[-79.24666600013812,38.83190400016472],[-79.246692000077374,38.831996999855789],[-79.246811999727981,38.832274000344988],[-79.246830999994543,38.832340000201519],[-79.246734999735082,38.832552999702649],[-79.246722000214604,38.832761000114907],[-79.246692000077374,38.832859999899078],[-79.246550999612055,38.833153999931035],[-79.246497999908627,38.833340000123776],[-79.246410000045088,38.833475999738859],[-79.246026999730418,38.833898999839256],[-79.245969000004109,38.833997000187047],[-79.245887999813249,38.834160999967345],[-79.245782000406351,38.834449999791275],[-79.245705000413466,38.834746000137834],[-79.24570200004041,38.834860999713477],[-79.245723999781731,38.83510800004192],[-79.245804000147672,38.835262999946259],[-79.245862999698886,38.835462000046327],[-79.245977000400032,38.835661000289775],[-79.246062999715434,38.835898999906462],[-79.246701000298216,38.836501999706272],[-79.246824000321851,38.83665199979589],[-79.246844000413333,38.836684999801165],[-79.246856999933826,38.836740000009236],[-79.246831999819463,38.836887999772763],[-79.246835000192505,38.836967999705891],[-79.246844000413333,38.837244999741777],[-79.246827999621502,38.837339000057085],[-79.246762000397581,38.837436999866512],[-79.246329999679133,38.83787500009295],[-79.246170999670468,38.838053999872834],[-79.245994999943363,38.838348000140833],[-79.245895000384252,38.838418000225552],[-79.245866999896847,38.838427999832184],[-79.245818000391367,38.838427999832184],[-79.245307999855115,38.838316000099141],[-79.244303999574441,38.838031000164783],[-79.244267999589439,38.838041999721838],[-79.243990999580006,38.838186000000597],[-79.243547999889216,38.838470000123927],[-79.243326000131376,38.838642999781541],[-79.243182000191325,38.838783000001449],[-79.242952000037562,38.839026999666437],[-79.242936999968933,38.839053999979434],[-79.242950000387737,38.839082000163614],[-79.243095000152692,38.839188999991279],[-79.243177000168458,38.839282999837955],[-79.243229999871886,38.839405000317214],[-79.24321300015346,38.839520000061341],[-79.243176000343539,38.83961799966616],[-79.243117999718905,38.8397049998377],[-79.242973999778854,38.839840000013957],[-79.242859000151128,38.839920999996814],[-79.242724000431934,38.840001000018916],[-79.242596000385404,38.840059999933864],[-79.242370000429588,38.840106000130092],[-79.241925000190662,38.840231000193718],[-79.241465999708041,38.840334000237888],[-79.241232000254627,38.84039600016542],[-79.24104099956061,38.840464999772919],[-79.24061499958826,38.840639999897206],[-79.240330999906121,38.840767000137753],[-79.239874999796541,38.841030000025242],[-79.239739000252413,38.841131999759931],[-79.239566999824973,38.84128299973667],[-79.239443999801324,38.841407999831773],[-79.239000000285628,38.841769000289808],[-79.238835000429177,38.841926000062905],[-79.238458999787227,38.842371000193396],[-79.238216000112985,38.842520999806773],[-79.238088000066469,38.842578999899011],[-79.237841000194265,38.842640999969461],[-79.237395000130419,38.842777999831981],[-79.236461000169967,38.843037999805837],[-79.236333999948343,38.843090999651672],[-79.236261999978311,38.843160999968369],[-79.236147000350599,38.843248000006135],[-79.236092999923926,38.843323999799267],[-79.235856000097456,38.843655000225496],[-79.235478999630601,38.844122000072325],[-79.235398000338051,38.844280000059193],[-79.235280000337298,38.844536000222959],[-79.235226999735531,38.844672999934993],[-79.235162000336516,38.845023000044193],[-79.234910000441431,38.845569000274764],[-79.234772000349182,38.846039000202872],[-79.234697000006094,38.846229999907131],[-79.234496999989574,38.846623000205696],[-79.234414999973808,38.84681900000438],[-79.234361000445446,38.847005000163506],[-79.234329999584986,38.847136999778307],[-79.234298999622851,38.847196000072842],[-79.23429299977505,38.847207000312039],[-79.234156000406017,38.847358999754718],[-79.233906000160758,38.847530999726615],[-79.233571000425016,38.847740000198506],[-79.23331399960874,38.847879000252696],[-79.232844999978681,38.848114000320507],[-79.232624000045746,38.848237000103083],[-79.232032000392067,38.84860100013622],[-79.231904000345537,38.848665000049472],[-79.231732999742988,38.848783999899098],[-79.231531999901534,38.848944999954924],[-79.231372999892898,38.849101999984349],[-79.231104000279373,38.849510000031358],[-79.231038999982047,38.849575000260003],[-79.230939000422936,38.849644999794009],[-79.230838999965499,38.849693000254227],[-79.230549000435587,38.849793000001213],[-79.23033500017533,38.849894000036777],[-79.230135999983716,38.850017000239667],[-79.230064000013698,38.850076999971343],[-79.23003499970136,38.850115000078446],[-79.229996000241641,38.85027300004819],[-79.229874999867818,38.850612000180483],[-79.229641000414389,38.850997999961379],[-79.229586000162797,38.85121199999579],[-79.229631000368656,38.851404999919225],[-79.229678000224325,38.851756999895592],[-79.229737999600459,38.851900999701854],[-79.22983499968484,38.852214999657932],[-79.229824999639078,38.85234200022451],[-79.229787000004265,38.852450999786306],[-79.229729000277928,38.852543000217089],[-79.229520000040566,38.852754000033322],[-79.229406000237745,38.852819000095934],[-79.229278000191229,38.852871999650979],[-79.228711999578479,38.853044000284534],[-79.228484999797757,38.853129000061692],[-79.228343000405857,38.853191999715797],[-79.228200000290713,38.85327299988861],[-79.228028999688178,38.853391000044411],[-79.227820000349126,38.85358000024177],[-79.227582999624346,38.853818000086797],[-79.2274670001717,38.853942999845131],[-79.227422999790761,38.854008000220254],[-79.227346999622796,38.85425899991673],[-79.22730999981286,38.854336000206253],[-79.227251000261631,38.854428000297496],[-79.22720100003292,38.854476999993381],[-79.226821999916254,38.854761999811039],[-79.22625700002672,38.855154999844004],[-79.226106000413978,38.855294999753021],[-79.226076000276748,38.85536099994431],[-79.226060000383228,38.855419999713696],[-79.225959999925806,38.855786999705607],[-79.225933999986523,38.855985000125088],[-79.225939000009404,38.85606900024252],[-79.225738999992871,38.856315999704933],[-79.225255000294197,38.856947000112022],[-79.224717999993771,38.857634999904995],[-79.224554999787131,38.857858000312916],[-79.224481000167302,38.857957000156972],[-79.224277999777698,38.858231999700095],[-79.224132000187836,38.858471999984026],[-79.22405000017207,38.858644999972],[-79.223955999562435,38.858890999978165],[-79.223892999813245,38.859113000345097],[-79.223849000330617,38.859388999910536],[-79.223778000185519,38.86008199989142],[-79.223775999637382,38.860096999979859],[-79.22376300011689,38.860272999661916],[-79.223733999804594,38.860446000164821],[-79.223691999971791,38.860601999711619],[-79.223580999643701,38.860816999804051],[-79.223502000000977,38.86092300024476],[-79.223377000327517,38.861061999718764],[-79.223241999709984,38.861177000129942],[-79.223084000424549,38.861276999819282],[-79.2229460003323,38.861352999936834],[-79.222731000247151,38.861438000275761],[-79.222429000123341,38.861543999790719],[-79.221550000414467,38.861816000066817],[-79.22124499991763,38.861922999977672],[-79.221006000441335,38.862015000046853],[-79.220822000318336,38.862118000028673],[-79.220649999890867,38.862233999686985],[-79.220476999638507,38.862396000328225],[-79.220362000010795,38.862543000331634],[-79.22023599961409,38.862747999767052],[-79.220119000336553,38.862976000055383],[-79.219977000046313,38.863213999932277],[-79.219674000097626,38.863796999982618],[-79.219539000378404,38.864030999687778],[-79.219419999654406,38.86419399995993],[-79.21932000009528,38.864296000056001],[-79.219140000170228,38.864448000051098],[-79.218561999861919,38.864821999750767],[-79.21826499976099,38.865018999977821],[-79.218003999645092,38.865203999892884],[-79.217770000191663,38.865403999694358],[-79.217504999877789,38.865655999944074],[-79.217297000363658,38.865875000260054],[-79.217156999723258,38.86606499965545],[-79.217048999768238,38.866257000339857],[-79.216991999866821,38.866409999836442],[-79.216949000209112,38.866577999823228],[-79.216922000444924,38.866751999865656],[-79.216904000003268,38.866974999659206],[-79.21687600041416,38.867647000276797],[-79.216837000056131,38.867887000256871],[-79.216820000337677,38.867932999944884],[-79.216759000238312,38.86809699983705],[-79.216618999597912,38.868348000163394],[-79.216488000076652,38.8684900003122],[-79.216209000417393,38.868751000190613],[-79.216534999932321,38.868971999686821],[-79.216611000100315,38.869023000172348],[-79.217376999831274,38.869541000041551],[-79.218229999600894,38.870117999796669],[-79.218247000217644,38.870130000132129],[-79.218300999746006,38.870165999727689],[-79.218319000187677,38.870178000055098],[-79.218375000264174,38.87021599991278],[-79.218544000318559,38.870330000063447],[-79.218601000219977,38.870368999980997],[-79.218792000015682,38.870497999878658],[-79.219673000272707,38.871095000080814],[-79.220242000360187,38.871479999763572],[-79.220767999891649,38.87183600016872],[-79.220843000234737,38.871885999878494],[-79.221099000327769,38.872059000099696],[-79.221162999901864,38.872102999652157],[-79.223147000173739,38.87344400009632],[-79.226645000364229,38.875774000273893],[-79.227482000240329,38.876311999652117],[-79.228202999765472,38.876774000217182],[-79.230366000137494,38.878163000070437],[-79.231088000385853,38.878625999816101],[-79.231227000303022,38.878714999877687],[-79.231645999704355,38.87898400013264],[-79.231786000344755,38.879073999764437],[-79.231955000399154,38.879182000291046],[-79.23246400021219,38.879509000224147],[-79.232634000091494,38.8796180001005],[-79.232999999789385,38.879853000182692],[-79.234100000329533,38.880558999959554],[-79.23446699985233,38.880794999721211],[-79.245462999665818,38.887851999695535],[-79.247862000039405,38.889391999672718],[-79.247940999682115,38.889442000315604],[-79.248021000048055,38.889493999967989],[-79.248200000148202,38.889608999830422],[-79.248317000324064,38.889682999983918],[-79.248366999654465,38.889714999988634],[-79.248409000385578,38.889741999937719],[-79.248640000364261,38.889890999756908],[-79.249940999847524,38.890726000013181],[-79.254505000242943,38.893668000025805],[-79.257035999962696,38.895299000303147],[-79.257136000420132,38.895363999921301],[-79.26363800015838,38.899554999990634],[-79.263681999640994,38.899583999853562],[-79.264212000268742,38.899911000260786],[-79.264212000268742,38.89992499990899],[-79.265096000000483,38.900493999902153],[-79.266484000420704,38.901388999713902],[-79.27536299989292,38.907110999955464],[-79.276568000015047,38.907902999656855],[-79.278978000259272,38.909488000102108],[-79.279973000319103,38.910141999752916],[-79.286156000215129,38.914206000326359],[-79.28652199991302,38.914446000309745],[-79.286548999677194,38.914469999983808],[-79.286730000325491,38.914581999986652],[-79.297341000174512,38.921556999730697],[-79.29750500020603,38.92166499995853],[-79.301543999996596,38.924319000258158],[-79.301771999602224,38.924469000281803],[-79.305224999586869,38.926737999801844],[-79.310932000180145,38.930489000295417],[-79.310985999708507,38.930525000050075],[-79.311040000135179,38.930560999786501],[-79.311092999838635,38.930595000219562],[-79.311106000257425,38.930603000154669],[-79.31117099965644,38.930644999799192],[-79.311210999839403,38.930672000256372],[-79.311411999680857,38.930804000324585],[-79.311604000199793,38.930932000198517],[-79.312010999905581,38.93119899977075],[-79.312037999669755,38.931212000252934],[-79.312111000362989,38.931265000043972],[-79.312137000302272,38.931281999744421],[-79.312215000120062,38.931333000218906],[-79.31677699996736,38.934332000248837],[-79.316879999899527,38.934400000278352],[-79.316991000227617,38.93447299992922],[-79.321933999841406,38.937722999693044],[-79.322065000260977,38.937809999977652],[-79.323250000291623,38.938649000031106],[-79.332758000125764,38.945394999725757],[-79.332772000369459,38.945394999725757],[-79.335186999738255,38.947106999937319],[-79.338921999755215,38.949753999651506],[-79.341111000066519,38.951304999674427],[-79.347678000102093,38.955958000082902],[-79.349867000413397,38.957508999857858],[-79.350067000429917,38.957209999862371],[-79.350089999996143,38.957171000134366],[-79.350567000022124,38.956410000287121],[-79.350829999787862,38.956233999895062],[-79.351167000071754,38.956009999906996],[-79.351827000395829,38.955509999749516],[-79.353805999746527,38.954009999766477],[-79.354466999895521,38.953510000168379],[-79.354767000369492,38.953009999837114],[-79.354999999997986,38.952464999754412],[-79.355066999945137,38.952309999734545],[-79.35516700040256,38.951310000269594],[-79.35516700040256,38.950409999935538],[-79.355077999815791,38.950143000039311],[-79.354967000386026,38.949810000117253],[-79.354866999928589,38.948910000298277],[-79.35516700040256,38.947909999672412],[-79.355567000435641,38.94701000018182],[-79.355966999570413,38.946310000208129],[-79.35602299964691,38.946221000329977],[-79.356467000060931,38.9455099998588],[-79.356566999620043,38.944710000262894],[-79.356570999818004,38.944140999830935],[-79.356566999620043,38.943709999775734],[-79.356867000094013,38.943010000055132],[-79.357366999686207,38.942509999716336],[-79.357775000115197,38.94189800001913],[-79.357966999735822,38.941409999694557],[-79.358366999768904,38.941009999901659],[-79.358515999731821,38.940190999766038],[-79.358566999785452,38.939909999665836],[-79.358766999802,38.939210000158624],[-79.359366999851616,38.938609999872213],[-79.359723000402084,38.938491000204273],[-79.360867000424832,38.938109999947663],[-79.36156700003356,38.93791000010868],[-79.362066999625767,38.937310000002149],[-79.362066999625767,38.93680800018624],[-79.362066999625767,38.936510000115106],[-79.361666999592671,38.936010000057252],[-79.361586000300136,38.935765999967714],[-79.36156700003356,38.935710000286896],[-79.361628000132939,38.93561799991673],[-79.361967000066642,38.935109999733953],[-79.362466999658835,38.934409999660645],[-79.362866999691917,38.934010000210179],[-79.363567000198984,38.933109999661752],[-79.36394799996549,38.932673999823812],[-79.364266999807711,38.93230999991286],[-79.364934999629398,38.932143000207802],[-79.365066999873875,38.932109999788601],[-79.365968000222367,38.931810000291698],[-79.366467999814574,38.931510000224684],[-79.366768000288545,38.93100999985554],[-79.366968000305079,38.930210000179443],[-79.366768000288545,38.929609999916913],[-79.366867999847642,38.929010000169647],[-79.367168000321612,38.928510000346954],[-79.367467999897272,38.927810000125099],[-79.36766799991382,38.927109999984054],[-79.367867999930368,38.92620999993607],[-79.367968000387791,38.925409999936569],[-79.367968000387791,38.924810000306387],[-79.368568000437406,38.924509999986149],[-79.369367999605259,38.92431000023268],[-79.370068000112312,38.92431000023268],[-79.371068000195024,38.924109999915345],[-79.371567999787217,38.923810000129443],[-79.372068000277721,38.92360999980037],[-79.3728680003439,38.923410000305225],[-79.373468000393515,38.923109999655992],[-79.373767999969175,38.922809999834875],[-79.373868000426583,38.922209999881559],[-79.374068000443145,38.921810000122385],[-79.374267999561354,38.92141000020483],[-79.37466799959445,38.921110000184605],[-79.374768000051859,38.921010000128945],[-79.374768000051859,38.920859999781193],[-79.374867999610984,38.920810000293727],[-79.376067999710216,38.920810000293727],[-79.376467999743312,38.920909999932341],[-79.377368000266912,38.921110000184605],[-79.378867999941804,38.92141000020483],[-79.379568000448842,38.921609999746579],[-79.380567999633243,38.921709999655519],[-79.381668000173377,38.92210999997846],[-79.382468000239541,38.922310000342613],[-79.383567999881379,38.922610000181265],[-79.384668000421513,38.922710000078546],[-79.38536800003024,38.922710000078546],[-79.386267999655516,38.922910000149166],[-79.387267999738214,38.922910000149166],[-79.38816900008672,38.923109999655992],[-79.389068999711995,38.923210000246328],[-79.390068999794707,38.923309999996782],[-79.390868999860871,38.923210000246328],[-79.392068999960117,38.923109999655992],[-79.392869000026295,38.923010000322499],[-79.393669000092444,38.922910000149166],[-79.39456899971772,38.922710000078546],[-79.395968999833499,38.922510000143042],[-79.397069000373648,38.922510000143042],[-79.398268999574583,38.922610000181265],[-79.399769000147799,38.922910000149166],[-79.400569000213963,38.923010000322499],[-79.401569000296661,38.923010000322499],[-79.402285999623828,38.923065000148092],[-79.402868999955004,38.923109999655992],[-79.40356899956376,38.923109999655992],[-79.404669000103894,38.923010000322499],[-79.404699000241109,38.923007000025798],[-79.405768999745703,38.922910000149166],[-79.406568999811867,38.922809999834875],[-79.407568999894579,38.922809999834875],[-79.408569999802182,38.922809999834875],[-79.40936999986836,38.922809999834875],[-79.410569999967606,38.922910000149166],[-79.410638999564569,38.922916000051693],[-79.411570000050304,38.923010000322499],[-79.412370000116468,38.922910000149166],[-79.413469999758291,38.922809999834875],[-79.414770000314959,38.922910000149166],[-79.415669999940235,38.923010000322499],[-79.416470000006399,38.923410000305225],[-79.417270000072577,38.924009999894722],[-79.417969999681304,38.924610000000889],[-79.41887000020489,38.925409999936569],[-79.420169999863248,38.926309999651131],[-79.420870000370314,38.926909999873047],[-79.421869999554687,38.92760999989116],[-79.423170000111384,38.928410000238976],[-79.423669999703563,38.928809999824921],[-79.424269999753179,38.929110000130564],[-79.425170000276779,38.929209999950494],[-79.425970000342957,38.929310000328272],[-79.427069999984766,38.929310000328272],[-79.427815999624258,38.929360000114876],[-79.428571000382888,38.929409999866245],[-79.42965099993323,38.929670000241465],[-79.432891000380849,38.930448999847741],[-79.433970999931191,38.930709999898838],[-79.434071000388627,38.930810000258312],[-79.434971000013903,38.931210000286399],[-79.435771000080067,38.931210000286399],[-79.436171000113148,38.931109999792056],[-79.436870999721876,38.93100999985554],[-79.43797100026201,38.930909999778038],[-79.43883999992515,38.931067999724057],[-79.439070999903834,38.931109999792056],[-79.440171000443968,38.931510000224684],[-79.440970999611807,38.932009999864356],[-79.441871000135407,38.93230999991286],[-79.442471000185023,38.93261000009003],[-79.443370999810298,38.93261000009003],[-79.443671000284269,38.932510000171952],[-79.444370999893025,38.932009999864356],[-79.44557099999227,38.931309999940943],[-79.446571000074968,38.93100999985554],[-79.447470999700244,38.930709999898838],[-79.448671999624409,38.930510000154513],[-79.449572000147995,38.9304100000709],[-79.450471999773285,38.9304100000709],[-79.451471999855968,38.9304100000709],[-79.452071999905598,38.930510000154513],[-79.45307199998831,38.9304100000709],[-79.454072000071022,38.930309999846259],[-79.454571999663216,38.930210000179443],[-79.455472000186802,38.929910000333187],[-79.456072000236418,38.929310000328272],[-79.456272000252952,38.928710000139866],[-79.456371999812077,38.928009999795158],[-79.456371999812077,38.927310000230023],[-79.4564720002695,38.926409999924047],[-79.456672000286048,38.92551000008045],[-79.456771999845159,38.925209999924846],[-79.456971999861707,38.924610000000889],[-79.456771999845159,38.924109999915345],[-79.4564720002695,38.923410000305225],[-79.456371999812077,38.922910000149166],[-79.4564720002695,38.92210999997846],[-79.4564720002695,38.921509999696696],[-79.456371999812077,38.920909999932341],[-79.456072000236418,38.920309999986614],[-79.455971999778981,38.91960999992768],[-79.455672000203336,38.91860999984597],[-79.455371999729365,38.91781000011791],[-79.455072000153706,38.91720999981996],[-79.454636999960542,38.916600999736055],[-79.454570999838282,38.916508999743009],[-79.453969999963746,38.915902999832134],[-79.453268999631803,38.9152979998468],[-79.45246600009088,38.914791999952364],[-79.451563999917482,38.914186000058109],[-79.451162000234575,38.913782000282815],[-79.450861999760605,38.913479999699597],[-79.450361000343506,38.912774000006898],[-79.450162000151863,38.912271000342535],[-79.449962999960249,38.911867999708328],[-79.449865999875868,38.91086200005055],[-79.450169999649475,38.909958999960779],[-79.450171000372706,38.909923000255525],[-79.450171000372706,38.90987100018306],[-79.450169999649475,38.909817999787691],[-79.450167000174744,38.909162000058728],[-79.44966599985932,38.90847000011636],[-79.449066999634596,38.907976000010692],[-79.44846800030821,38.907384000214961],[-79.447770000349308,38.906989999922004],[-79.447072000390392,38.90649700033434],[-79.446313000332111,38.905308999804411],[-79.445870999567916,38.904610000341016],[-79.445870999567916,38.904510000104104],[-79.446150000125485,38.904230999893741],[-79.446171000041886,38.904209999946289],[-79.446670999634065,38.903710000128626],[-79.446967999734994,38.903582000078963],[-79.447371000141132,38.90341000008582],[-79.447971000190762,38.902910000226804],[-79.448270999766407,38.902309999802775],[-79.448270999766407,38.902010000136158],[-79.447971000190762,38.901409999796634],[-79.447768999626064,38.901157999791984],[-79.447571000157666,38.900909999835264],[-79.447270999683695,38.90040999984847],[-79.447157999705794,38.900297000135524],[-79.446971000108036,38.900109999844247],[-79.446924000252395,38.900051000113734],[-79.446571000074968,38.899609999817066],[-79.446208999676713,38.899338000158139],[-79.446171000041886,38.899309999928498],[-79.445900999705131,38.899201999937979],[-79.445670999551382,38.899109999764697],[-79.445071000400063,38.898909999736723],[-79.444770999926106,38.898809999861058],[-79.444570999909544,38.898709999844577],[-79.444471000350433,38.898609999687267],[-79.444570999909544,38.898609999687267],[-79.445471000433145,38.898510000088272],[-79.445870999567916,38.898410000348449],[-79.446695999748428,38.898317999848189],[-79.446771000091516,38.898309999768664],[-79.447771000174214,38.898209999747202],[-79.44837100022383,38.898110000283999],[-79.449270999849119,38.898110000283999],[-79.449771000339624,38.898110000283999],[-79.450571000405787,38.898009999980893],[-79.451471000031077,38.897910000236102],[-79.451570999590174,38.897910000236102],[-79.452370999656353,38.897610000156718],[-79.452970999705968,38.897410000098859],[-79.453570999755598,38.897210000176884],[-79.454471000279185,38.896909999936916],[-79.455271000345334,38.896810000041377],[-79.456171999795544,38.896510000209034],[-79.456672000286048,38.896409999750247],[-79.457472000352197,38.896309999849791],[-79.457857000316679,38.89624499969915],[-79.458072000401827,38.896209999808526],[-79.458272000418376,38.896110000325557],[-79.458571999994021,38.896010000002676],[-79.458972000027103,38.895810000332737],[-79.459271999602748,38.895610000099623],[-79.459572000076719,38.895210000041068],[-79.459772000093267,38.895109999849183],[-79.460071999668926,38.894709999771131],[-79.460172000126349,38.894610000273552],[-79.460572000159431,38.894109999974496],[-79.460786000419674,38.89400300027404],[-79.460972000192513,38.893909999848105],[-79.461671999801268,38.89360999965124],[-79.462103999621391,38.893362999719599],[-79.462372000308306,38.893210000214289],[-79.462772000341388,38.893009999651021],[-79.463172000374485,38.892809999922903],[-79.46407199999976,38.892509999974017],[-79.464771999608473,38.892310000236357],[-79.465472000115525,38.892109999935528],[-79.466261000311036,38.892021999708675],[-79.466371999740801,38.892010000273125],[-79.467072000247867,38.892010000273125],[-79.467728000373981,38.892010000273125],[-79.467872000314017,38.892010000273125],[-79.469171999972389,38.892010000273125],[-79.469972000038553,38.892109999935528],[-79.470772000104702,38.892210000156339],[-79.472071999763074,38.892210000156339],[-79.472625999781954,38.892091000269204],[-79.474871999994647,38.891610000215564],[-79.474971999553759,38.891509999849212],[-79.475171999570307,38.891210000002992],[-79.475472000044277,38.890810000334625],[-79.475571999603389,38.890610000005282],[-79.475872000077345,38.890209999754902],[-79.476072000093893,38.88991000001171],[-79.476771999702635,38.889609999700724],[-79.477072000176619,38.889510000014717],[-79.477672000226235,38.889609999700724],[-79.478473000117305,38.889609999700724],[-79.479273000183454,38.889510000014717],[-79.479873000233098,38.88910999986286],[-79.480073000249618,38.888910000340729],[-79.480372999825278,38.888309999794217],[-79.480572999841826,38.888009999718172],[-79.480972999874894,38.887709999773655],[-79.48167300038196,38.887509999806042],[-79.482172999974139,38.887209999847684],[-79.482372999990702,38.886910000020926],[-79.482573000007235,38.88641000005827],[-79.482872999582895,38.886310000062977],[-79.483373000073385,38.88641000005827],[-79.483872999665593,38.886509999912754],[-79.484773000189193,38.886810000030238],[-79.484836999763303,38.886810000030238],[-79.485472999797921,38.886810000030238],[-79.486072999847551,38.886810000030238],[-79.486373000321507,38.886910000020926],[-79.486773000354603,38.887209999847684],[-79.487373000404219,38.887509999806042],[-79.488273000029494,38.888009999718172],[-79.488873000079124,38.888309999794217],[-79.489367999648451,38.888381000239768],[-79.489572999687852,38.888409999771049],[-79.49007300017837,38.888309999794217],[-79.490178999585254,38.888331000248527],[-79.490381999974858,38.888371999852396],[-79.490572999770578,38.888408999883865],[-79.491172999820193,38.888508999721388],[-79.491572000028356,38.888610000001748],[-79.491735000234982,38.888641999790607],[-79.491942999749128,38.888682999914217],[-79.49207300034378,38.8887100002555],[-79.492537999775877,38.888908999761348],[-79.492733999594464,38.888993000133887],[-79.492774999602332,38.889006999836703],[-79.492973999793975,38.889090000215695],[-79.493273000443025,38.889210000112016],[-79.493651999661395,38.889462999736082],[-79.493867999571464,38.889607000089782],[-79.494173000068315,38.890009999833815],[-79.4942500000612,38.890086999859626],[-79.494773000117931,38.890610000005282],[-79.495173000151013,38.891010000100778],[-79.495598000298457,38.891350000228776],[-79.495672999743206,38.891410000041276],[-79.496118999807038,38.891677999936803],[-79.496173000233711,38.89170999974197],[-79.496773000283341,38.891809999826748],[-79.497173000316423,38.891809999826748],[-79.497773000366038,38.891809999826748],[-79.498072999941698,38.891809999826748],[-79.498373000415668,38.891809999826748],[-79.498873999832767,38.891809999826748],[-79.499374000323286,38.891909999770732],[-79.499774000356368,38.891909999770732],[-79.500273999948575,38.892010000273125],[-79.50077400043908,38.892109999935528],[-79.501674000064355,38.892410000175587],[-79.502474000130505,38.892809999922903],[-79.503274000196683,38.893009999651021],[-79.504474000295929,38.893210000214289],[-79.505674000395175,38.893510000003168],[-79.506473999563028,38.89360999965124],[-79.507673999662259,38.893809999923249],[-79.508673999744971,38.893909999848105],[-79.508860000416135,38.893930000235628],[-79.509574000268557,38.894010000331285],[-79.510774000367803,38.894010000331285],[-79.511773999552204,38.894010000331285],[-79.512773999634902,38.893809999923249],[-79.51357399970108,38.89360999965124],[-79.514474000224666,38.893410000214359],[-79.515474000307364,38.893210000214289],[-79.516274000373542,38.893009999651021],[-79.517074000439706,38.892809999922903],[-79.518073999624093,38.892610000330855],[-79.518673999673709,38.892310000236357],[-79.518974000147679,38.892210000156339],[-79.519473999739873,38.892010000273125],[-79.519673999756407,38.892010000273125],[-79.519774000213843,38.891310000092503],[-79.519673999756407,38.891109999772702],[-79.519774000213843,38.890710000240347],[-79.519774000213843,38.889810000048826],[-79.519673999756407,38.889210000112016],[-79.519574000197309,38.888110000117365],[-79.519574000197309,38.887509999806042],[-79.519473999739873,38.886810000030238],[-79.519374000180747,38.886209999926919],[-79.519073999706777,38.885509999928061],[-79.518574000114597,38.88440999997993],[-79.517574000031885,38.883210000319274],[-79.517074000439706,38.882710000189626],[-79.516474000390076,38.881810000040225],[-79.51607400035698,38.881409999888739],[-79.515074000274296,38.880209999909461],[-79.514474000224666,38.879710000347245],[-79.51407400019157,38.879610000012654],[-79.513674000158488,38.879510000236593],[-79.51297399965145,38.879210000064063],[-79.512373999601834,38.878910000023652],[-79.511874000009627,38.87821000013232],[-79.511773999552204,38.877809999995797],[-79.511174000400899,38.877210000114978],[-79.510873999926929,38.877009999961409],[-79.510473999893833,38.876410000319659],[-79.510273999877313,38.876110000347495],[-79.510073999860751,38.875809999808283],[-79.510073999860751,38.875410000149891],[-79.510073999860751,38.875209999826161],[-79.510174000318187,38.875110000152574],[-79.510273999877313,38.875010000338278],[-79.510374000334721,38.874810000287582],[-79.510374000334721,38.87471000005123],[-79.510273999877313,38.874409999896478],[-79.510174000318187,38.874210000255452],[-79.510174000318187,38.874010000051584],[-79.510174000318187,38.873809999984331],[-79.510273999877313,38.873510000226887],[-79.510673999910381,38.87300999968221],[-79.510774000367803,38.872710000044918],[-79.510873999926929,38.872210000166874],[-79.511073999943463,38.871809999830127],[-79.511174000400899,38.871309999915496],[-79.511273999959997,38.870910000109141],[-79.511473999976559,38.870709999711515],[-79.511673999993079,38.870209999752539],[-79.511874000009627,38.869810000050748],[-79.512074000026175,38.869310000055819],[-79.512274000042709,38.869010000189192],[-79.512423000005626,38.868785000157807],[-79.512474000059242,38.868709999755929],[-79.512674000075805,38.868410000154881],[-79.512773999634902,38.868111000160027],[-79.512773999634902,38.867911000280266],[-79.512674000075805,38.867710999837819],[-79.512674000075805,38.867210999767117],[-79.512874000092324,38.866911000135048],[-79.513173999667984,38.86671099967699],[-79.513674000158488,38.866610999936391],[-79.513973999734148,38.866411000033196],[-79.51437399976723,38.865910999912067],[-79.514674000241214,38.86561099969024],[-79.514874000257734,38.865210999989905],[-79.515074000274296,38.864611000066716],[-79.51527400029083,38.864110999876608],[-79.515474000307364,38.863810999753447],[-79.515674000323912,38.863410999718582],[-79.51577399988301,38.863210999906485],[-79.51607400035698,38.862911000182677],[-79.51637399993264,38.86261099989251],[-79.516773999965736,38.862211000101446],[-79.517173999998818,38.861811000158568],[-79.517673999591011,38.861511000123649],[-79.518174000081501,38.861110999740283],[-79.518673999673709,38.86081100024947],[-79.519073999706777,38.86051100019246],[-79.519473999739873,38.860211000268727],[-79.519774000213843,38.859710999914959],[-79.520073999789503,38.859310999898618],[-79.520178000444886,38.859173000098437],[-79.520374000263473,38.858910999730831],[-79.520530999723988,38.858753000062443],[-79.520673999839119,38.858611000052072],[-79.520974000313089,38.858310999807195],[-79.521574000362719,38.858010999695836],[-79.521878000136326,38.857827999887817],[-79.522073999954898,38.857710999717916],[-79.52230199956054,38.857483000035486],[-79.522374000428897,38.857410999873458],[-79.522674000004514,38.857011000210846],[-79.522973999580174,38.85651099974222],[-79.523173999596722,38.856210999732404],[-79.52337399961327,38.8561109999143],[-79.523874000103788,38.855811000315775],[-79.524274000136856,38.855611000113527],[-79.524773999729064,38.85541100004847],[-79.525274000219568,38.855211000120477],[-79.526173999844843,38.854410999681313],[-79.52627400030228,38.854311000130458],[-79.526373999861377,38.854210999739479],[-79.526674000335348,38.854010999934808],[-79.526773999894459,38.853811000267306],[-79.527274000384978,38.853410999944714],[-79.527874000434593,38.853210999989166],[-79.528073999552831,38.853111000150278],[-79.528574000043335,38.852911000050732],[-79.52887399961898,38.852711000088391],[-79.52904400039661,38.852661999875444],[-79.529299999591331,38.852588000346479],[-79.529309999637093,38.852577999931547],[-79.529573000301127,38.852511000263263],[-79.529973000334223,38.852310999875776],[-79.530272999909869,38.852111000325046],[-79.530373000367291,38.851911000211963],[-79.530573000383839,38.851411000267355],[-79.530872999959499,38.850711000316757],[-79.530973000416907,38.850411000327973],[-79.531114999808821,38.850054999679166],[-79.531173000433469,38.849911000333428],[-79.531173000433469,38.849411000322434],[-79.531072999976018,38.848911000295018],[-79.531072999976018,38.848510999701695],[-79.531272999992566,38.848211000229362],[-79.531673000025648,38.847911000191473],[-79.532172999617856,38.847511000271915],[-79.532473000091812,38.847111000202148],[-79.532772999667472,38.846710999982221],[-79.53297299968402,38.84641099991557],[-79.53347300017451,38.845910999791727],[-79.533795000389802,38.845719000142559],[-79.533973999591637,38.845610999849839],[-79.534573999641253,38.845410999652181],[-79.535173999690883,38.845110999700857],[-79.535675000006293,38.844810999883819],[-79.536174999598501,38.844511000201116],[-79.536675000089005,38.844210999953077],[-79.537174999681199,38.844011000017858],[-79.537774999730814,38.843710999760589],[-79.538174999763896,38.843411000337348],[-79.538574999796992,38.842911000120282],[-79.538875000270963,38.842311000259492],[-79.53897499983006,38.841811000009038],[-79.539075000287497,38.841411000077649],[-79.53897499983006,38.841111000052869],[-79.538774999813526,38.840811000162681],[-79.538574999796992,38.840411000207475],[-79.537774999730814,38.839910999900255],[-79.537374999697747,38.839610999848801],[-79.537075000122101,38.839310999932025],[-79.536674000264085,38.839011000149917],[-79.536074000214469,38.838510999801727],[-79.535373999707417,38.838211000145627],[-79.534674000098676,38.837811000269568],[-79.533973999591637,38.837411000244373],[-79.533174000423784,38.837111000149534],[-79.532574000374154,38.836910999850218],[-79.531873999867116,38.836610999746831],[-79.531273999817486,38.836210999974256],[-79.53087399978439,38.835910999719069],[-79.530374000192211,38.835511000210694],[-79.529873999701707,38.835110999853661],[-79.529174000092951,38.834611000094661],[-79.52887399961898,38.83431100009269],[-79.528574000043335,38.834011000225701],[-79.528174000010253,38.833710999793979],[-79.527573999960623,38.833210999996609],[-79.527262999615999,38.833035999797531],[-79.527166000429958,38.832983000160183],[-79.527159999683846,38.832994999764658],[-79.52597399982831,38.832314000116888],[-79.52597399982831,38.832214000295131],[-79.525874000269184,38.832214000295131],[-79.525373999778694,38.831814000302899],[-79.524772999904144,38.831513999708299],[-79.524172999854528,38.831113999981127],[-79.523572999804898,38.830614000135355],[-79.523172999771816,38.830214000249292],[-79.523171999946896,38.829713999680209],[-79.523472000420867,38.829113999820009],[-79.523972999837966,38.828413000208343],[-79.524473000328484,38.828012999851552],[-79.524603000024825,38.827882999828986],[-79.525172999937212,38.827312999942421],[-79.525873000444278,38.826811999938521],[-79.526373000036457,38.826311999968972],[-79.526773000069554,38.825811999987081],[-79.527272999661747,38.825212000132609],[-79.527773000152251,38.824611000036001],[-79.527973000168799,38.824310999879337],[-79.528272999744459,38.823710999972988],[-79.528472999761007,38.823411000223366],[-79.528773000234978,38.823110999909552],[-79.529009000236513,38.823016000293251],[-79.529103999772758,38.822977999711327],[-79.529116000366628,38.822874999744919],[-79.5291129999936,38.822727999650319],[-79.529066000137931,38.822402999868501],[-79.529046999871355,38.822174999708942],[-79.529056999917088,38.822141999975322],[-79.529138999932854,38.822050000128193],[-79.529184999963604,38.821974000012659],[-79.529239000390277,38.821677999747216],[-79.529262999781423,38.821570000062806],[-79.529324999705693,38.821418000125732],[-79.529335999576347,38.821355999763554],[-79.529328999903655,38.821294000047288],[-79.529313000010134,38.821269000259271],[-79.529262999781423,38.821210000164925],[-79.529184000138699,38.821148999755053],[-79.529164999872137,38.821121000214831],[-79.529155999651294,38.821081999887056],[-79.529165999697028,38.821043000237871],[-79.529241000040116,38.82095099967065],[-79.52941199974434,38.820621000172977],[-79.529481000239613,38.820488000223008],[-79.529564999905205,38.82031200009677],[-79.529645000271159,38.820170999793163],[-79.529723999913855,38.820061000325403],[-79.529774000142581,38.81981099982147],[-79.529774000142581,38.819726000136122],[-79.529770999769539,38.819315000316699],[-79.529472000018785,38.818921999691042],[-79.529072999810623,38.818430000279854],[-79.528676000150583,38.818036999669644],[-79.528276000117486,38.817445999659263],[-79.527779000000038,38.816955000042093],[-79.527479000424378,38.816462000141101],[-79.527377000317131,38.815968000121018],[-79.527276000034803,38.815474999687218],[-79.527274000384978,38.81521000013236],[-79.527274000384978,38.815149000182352],[-79.527274000384978,38.815081000050334],[-79.527275000209897,38.815018000250944],[-79.527277999684614,38.814872000257125],[-79.527290000278498,38.81436200025054],[-79.527193000194117,38.814155999742184],[-79.526687999680732,38.813939999792503],[-79.526077999585368,38.813823999782514],[-79.525646999590137,38.813651000001919],[-79.525402000266084,38.813558999684496],[-79.525273000394648,38.813509999809291],[-79.524673000345032,38.813109999724411],[-79.524073000295417,38.812710000193064],[-79.523725999965762,38.812437999760625],[-79.523499000185055,38.812260000222679],[-79.522940000143308,38.812005999985978],[-79.522819999594404,38.811937000090396],[-79.52277399956364,38.811911000254433],[-79.5224749998129,38.811712000118774],[-79.522361000010093,38.81163600017004],[-79.522174000412335,38.811511000289734],[-79.521772999656037,38.811311000165084],[-79.521551999723087,38.811200000039037],[-79.521375999995996,38.811103999658144],[-79.521345000033861,38.811101999809239],[-79.521067000199508,38.811009000123619],[-79.520772999573325,38.810911000330989],[-79.520373000438553,38.810710999921675],[-79.520264999585208,38.810657000183866],[-79.520004000367607,38.810526999973114],[-79.519773000388923,38.81041100000477],[-79.519472999914953,38.810111000224445],[-79.51877300030624,38.80981099988071],[-79.51817300025661,38.809510999673549],[-79.517672999766091,38.80921100030298],[-79.517173000173898,38.808910999669038],[-79.516472999666846,38.80871099994458],[-79.516072999633778,38.808411000005066],[-79.515872999617216,38.808111000202274],[-79.515872999617216,38.807710999900102],[-79.515773000058118,38.807410999949624],[-79.514673000416295,38.806311000056844],[-79.514572999958872,38.806311000056844],[-79.514172999925776,38.806211000115383],[-79.513673000333597,38.805911000148832],[-79.513375000407763,38.805686999695396],[-79.513273000300501,38.805611000319097],[-79.513073000283981,38.805110999895916],[-79.512772999810011,38.804711000251217],[-79.512372999776915,38.804310999760951],[-79.511772999727285,38.80391099982527],[-79.511372999694203,38.80371100006542],[-79.510772999644587,38.803411000073133],[-79.510372999611491,38.803111000217818],[-79.510247000113125,38.80301000029737],[-79.509873000019311,38.802710999846063],[-79.509573000443652,38.802410999843808],[-79.509072999953148,38.802010999742919],[-79.508934999860884,38.801873000125227],[-79.508672999920066,38.8016110001969],[-79.508173000327872,38.801310999763928],[-79.507872999853902,38.800910999788854],[-79.507672999837339,38.800510999668752],[-79.507519999676475,38.800051000255323],[-79.50747299982082,38.799911000179286],[-79.50717300024516,38.79931099983861],[-79.506973000228626,38.798610999940649],[-79.506860000250725,38.798272999718669],[-79.506773000212064,38.798012000314621],[-79.506773000212064,38.797511999776539],[-79.506672999754656,38.797011999931229],[-79.506672999754656,38.796947000008721],[-79.506672999754656,38.796497999668269],[-79.506672999754656,38.796411999687287],[-79.506672999754656,38.795911999826181],[-79.506656999861121,38.795871999909835],[-79.506594999936851,38.795716999671768],[-79.506486999981817,38.795446999761964],[-79.506472999738094,38.795411999958098],[-79.506272999721574,38.794912000083031],[-79.506072999705026,38.794612000154714],[-79.505973000145914,38.794112000268768],[-79.505973000145914,38.793711999794979],[-79.506077999727893,38.793198000238668],[-79.506180999660046,38.793018999713702],[-79.506472999738094,38.792512000308882],[-79.506973000228626,38.792111999958365],[-79.507463999599992,38.791703000144537],[-79.507573000278242,38.79161200003967],[-79.507706000347639,38.791435000133973],[-79.507872999853902,38.791212000240229],[-79.507937000326322,38.791083999970411],[-79.508072999870436,38.79081200029681],[-79.508135999619626,38.790496000000836],[-79.508173000327872,38.790311999661768],[-79.508373000344406,38.789811999720875],[-79.50857300036094,38.789512000033511],[-79.508973000394036,38.789111999653571],[-79.509472999986215,38.788611999698482],[-79.509573000443652,38.788311999862714],[-79.509573000443652,38.787911999751721],[-79.509373000427118,38.787411999782947],[-79.509272999969681,38.786911999808687],[-79.509212999695222,38.786731999687731],[-79.509173000410556,38.786611999821446],[-79.508994000310423,38.786342999655787],[-79.508973000394036,38.786311999972384],[-79.508872999936585,38.785911999843776],[-79.508672999920066,38.785611999850133],[-79.50857300036094,38.785211999995745],[-79.50857300036094,38.784711999998102],[-79.50857300036094,38.784411999856971],[-79.508591999729205,38.784372999738913],[-79.508773000377488,38.784012000272917],[-79.508872999936585,38.783512000263215],[-79.509072999953148,38.783111999831753],[-79.509272999969681,38.782611999813355],[-79.509472999986215,38.782311999940042],[-79.509728000254356,38.781887000176567],[-79.509772999561861,38.781811999914133],[-79.509873000019311,38.781611999762411],[-79.50989700030874,38.781506000238927],[-79.510073000035831,38.780711999841166],[-79.510172999594957,38.780611999693399],[-79.510572999628039,38.780512000105702],[-79.511372999694203,38.780611999693399],[-79.512473000234351,38.780611999693399],[-79.513073000283981,38.780611999693399],[-79.513473000317049,38.780512000105702],[-79.513873000350131,38.780211999800912],[-79.514501999813746,38.780054999805962],[-79.514673000416295,38.780012000063685],[-79.515373000025022,38.779811999765606],[-79.515672999600682,38.779512000017483],[-79.515773000058118,38.77941200028782],[-79.515672999600682,38.778811999665635],[-79.515472999584148,38.778112000146237],[-79.515472999584148,38.777612000084609],[-79.515973000074652,38.776911999991903],[-79.516373000107748,38.77641199992118],[-79.516573000124268,38.776111999877052],[-79.516973000157364,38.775611999800546],[-79.517472999749543,38.775111999720615],[-79.517492000016119,38.775085999755063],[-79.517773000223514,38.774711999794263],[-79.51817300025661,38.774011999953018],[-79.518672999848789,38.773412000124154],[-79.519272999898419,38.772912000029891],[-79.519573000372404,38.772511999672133],[-79.519973000405486,38.772012000272824],[-79.520472999997679,38.771411999729217],[-79.521273000063829,38.77071199972039],[-79.521873000113445,38.770312000333291],[-79.522372999705652,38.769712000199078],[-79.522873000196171,38.769111999921215],[-79.523172999771816,38.768512000200268],[-79.52337299978835,38.767811999751295],[-79.52367300026232,38.767312000328587],[-79.524172999854528,38.766712000178153],[-79.524473000328484,38.766212000050608],[-79.524873000361566,38.76571199992123],[-79.525273000394648,38.765311999816447],[-79.525772999986842,38.76481199968395],[-79.52597300000339,38.764511999883823],[-79.526173000019938,38.764312000250293],[-79.52657300005302,38.763512000312772],[-79.526973000086087,38.763111999782311],[-79.527173000102636,38.762512000035734],[-79.527272999661747,38.761912000147298],[-79.527173000102636,38.761312000117222],[-79.527173000102636,38.76111199992004],[-79.527173000102636,38.760512000168283],[-79.527301999974085,38.760059999965627],[-79.527373000119169,38.759811999685752],[-79.527573000135732,38.759312000240868],[-79.527708999679845,38.759092999875314],[-79.528072999727911,38.758512000287119],[-79.528773000234978,38.757911999690435],[-79.529272999827157,38.757612000302551],[-79.529872999876787,38.757212000324579],[-79.529872999876787,38.757112000154955],[-79.529872999876787,38.756912000095795],[-79.529872999876787,38.756511999697238],[-79.529872999876787,38.755911999799729],[-79.529773000317661,38.755311999762071],[-79.529872999876787,38.75481200031448],[-79.530072999893321,38.754212000136903],[-79.530272999909869,38.753911999908127],[-79.530373000367291,38.7537119999892],[-79.53227600044832,38.751172000187289],[-79.533072000316537,38.750112000201682],[-79.533172999700554,38.750011999892862],[-79.53327300015799,38.750011999892862],[-79.533372999717102,38.749812000256178],[-79.533372999717102,38.749612000059187],[-79.533572999733636,38.748911999861512],[-79.533972999766718,38.748211999806244],[-79.534273000240674,38.747711999668176],[-79.53467300027377,38.747312000259328],[-79.535073000306852,38.747011999757483],[-79.535772999915594,38.746611999929925],[-79.536372999965209,38.746512000323477],[-79.537173000031373,38.746512000323477],[-79.538272999673197,38.746712000096892],[-79.538814000171584,38.74677199998974],[-79.539173000196783,38.746812000123796],[-79.539280000326912,38.746821999978664],[-79.540173000279495,38.746912000010695],[-79.540672999871688,38.746912000010695],[-79.541672999954386,38.746912000010695],[-79.542443999708254,38.746815999925794],[-79.542473000020564,38.746812000123796],[-79.542974000335974,38.746611999929925],[-79.543174000352522,38.746512000323477],[-79.543211999987363,38.746282999989546],[-79.543273999911634,38.745911999743669],[-79.543172999629292,38.745011999929488],[-79.543172999629292,38.744312000171526],[-79.543273000086728,38.743411999807826],[-79.543340999858785,38.743239999920071],[-79.543473000103262,38.742911999686513],[-79.543772999678907,38.742311999684034],[-79.543873000136358,38.741912000151309],[-79.544073000152878,38.741312000154451],[-79.544150000145777,38.741077999980419],[-79.54427300016944,38.740712000021063],[-79.544572999745085,38.740111999751257],[-79.544673000202508,38.739412000305606],[-79.544772999761634,38.738812000324657],[-79.544972999778153,38.738112000048567],[-79.545172999794715,38.737611999955149],[-79.545276999551774,38.737403000054485],[-79.545372999811249,38.737212000022801],[-79.545873000301754,38.736811999952337],[-79.546247000395567,38.7365880003358],[-79.546372999893961,38.736512000181129],[-79.546473000351369,38.736311999867198],[-79.546644999880499,38.736081999829864],[-79.546772999927029,38.73591199966139],[-79.546972999943577,38.735612000314283],[-79.547372999976645,38.735311999707093],[-79.548250999860628,38.735116999933105],[-79.548274000325165,38.735112000237343],[-79.548884000420514,38.734938000095966],[-79.548916000207569,38.734927999978289],[-79.548973999933892,38.734912000207586],[-79.549014000116856,38.734912000207586],[-79.54904799955375,38.734912000207586],[-79.549060999972539,38.734912000207586],[-79.549074000391329,38.734912000207586],[-79.549098999607367,38.734899000259844],[-79.54911200002617,38.734892999905824],[-79.549274000407863,38.734812000333051],[-79.549291999951222,38.734793000004736],[-79.549474000424411,38.73461200016402],[-79.549789999893576,38.734429999915911],[-79.549969999818657,38.734328000167004],[-79.550174000033138,38.7342120002481],[-79.550641999838277,38.733743000298496],[-79.550673999625332,38.733712000181413],[-79.551174000115864,38.733312000130759],[-79.551574000148932,38.733111999966219],[-79.552174000198548,38.733011999673977],[-79.552473999774207,38.733011999673977],[-79.553073999823823,38.733111999966219],[-79.55311499983172,38.733106000162891],[-79.553873999890001,38.733011999673977],[-79.554001000111597,38.732976000095093],[-79.554217000021666,38.732931000070408],[-79.554582999719571,38.732855000229094],[-79.554864999751871,38.732795999826266],[-79.555082000385156,38.732750999688179],[-79.555573999581441,38.732512000317342],[-79.555739000336189,38.732305000166157],[-79.555973999614523,38.732012000263914],[-79.55637399964759,38.731611999803711],[-79.556874000138123,38.731211999906783],[-79.557074000154657,38.730811999872387],[-79.557223999942465,38.730435999816116],[-79.557274000171191,38.730311999833326],[-79.557373999730316,38.729811999798628],[-79.557373999730316,38.729645000172162],[-79.557373999730316,38.729356999970527],[-79.557373999730316,38.72931199976847],[-79.557291999714536,38.728498000267386],[-79.557274000171191,38.728311999721903],[-79.557274000171191,38.728211999718326],[-79.557279000194072,38.728192999736869],[-79.557373999730316,38.727911000229241],[-79.557572000097025,38.727610000172895],[-79.557870999847765,38.727410000162955],[-79.557969999581971,38.727210000293923],[-79.55976300005814,38.725805999974604],[-79.559962000249783,38.725605999820594],[-79.560261000000523,38.725305999941533],[-79.560558999926357,38.724904000315391],[-79.560757000293052,38.724404000277836],[-79.560957000309614,38.724002999876696],[-79.561054000393995,38.723402000012996],[-79.560952000286733,38.722801000000381],[-79.560949999738597,38.722199999838985],[-79.560948999913691,38.72169800025079],[-79.56094600043896,38.720997000335558],[-79.56094499971573,38.720595000297216],[-79.560842999608468,38.719894000075456],[-79.560806999623452,38.719470000169395],[-79.560673999554083,38.718572999883754],[-79.560783000232334,38.717476999961079],[-79.560943999890824,38.717250000129098],[-79.5611969996108,38.717167999987858],[-79.56143199978743,38.717052000242738],[-79.561601999666749,38.716943000262383],[-79.561805000056353,38.716860999768862],[-79.562025999989288,38.716820000187802],[-79.562077000042919,38.716820999682099],[-79.562138999967203,38.71667499977103],[-79.562225000180931,38.716539000152046],[-79.56228200008232,38.716473000295252],[-79.562309999671427,38.716439999993533],[-79.562405999930874,38.716350000112719],[-79.562544000023138,38.716250000190136],[-79.562698999833856,38.716165999894685],[-79.562831999903239,38.716110999848084],[-79.563092000194231,38.716039999967393],[-79.563241000157149,38.716013000004132],[-79.563441999998602,38.715779999871465],[-79.563491000402408,38.715736999950508],[-79.563581999740691,38.715665000187855],[-79.563801999848721,38.715475999940224],[-79.564006000063216,38.715275000096433],[-79.564047000071085,38.715243000159781],[-79.564139000132599,38.715153000173615],[-79.564230000369207,38.715032999782125],[-79.564287000270625,38.714925999969957],[-79.564344999996919,38.714838000030547],[-79.564387999654642,38.714745000263598],[-79.564394000400725,38.714639999770803],[-79.564385000179897,38.714507999993906],[-79.564356999692492,38.71438000018982],[-79.564309000011903,38.714258000141314],[-79.564230000369207,38.714114999899806],[-79.564175999942535,38.713979000316378],[-79.564139000132599,38.713834999980691],[-79.564123000239078,38.71368800003976],[-79.56412700043704,38.713563000190689],[-79.564151999653077,38.713455000038486],[-79.564195000209111,38.713349000210783],[-79.564256000308475,38.7132480000501],[-79.56433199957813,38.713152999824288],[-79.564423999639644,38.713066000052748],[-79.56450700037864,38.713005999882711],[-79.564673000059983,38.712906000188362],[-79.564848999787074,38.712819999666458],[-79.565139000215311,38.712708999736428],[-79.565506999563027,38.712608000073402],[-79.565827999953385,38.712605000011813],[-79.566058000107162,38.712694000149398],[-79.566202000047198,38.712759999990901],[-79.566341999789287,38.712837999979847],[-79.566474000033764,38.712923999779193],[-79.56657299976797,38.712999999792864],[-79.566659999806603,38.7130249996967],[-79.566749000393372,38.713078000220882],[-79.566811000317657,38.713121000339569],[-79.566980000372055,38.713151000032134],[-79.567141999855451,38.713194000106967],[-79.567295999841249,38.713252000329867],[-79.567531000017894,38.71336600014741],[-79.567683000353838,38.713433999853663],[-79.567735000232389,38.713456999822128],[-79.567787999935831,38.713478000000201],[-79.56789199969289,38.713519000096461],[-79.567945000294657,38.713539000015189],[-79.567977999906631,38.713549000322956],[-79.568474000199174,38.713812999670253],[-79.569173999807916,38.714113000134567],[-79.569573999840998,38.714113000134567],[-79.570373999907162,38.713913000198573],[-79.571013000314849,38.713601999757664],[-79.571205999760366,38.713175000337905],[-79.571401999578953,38.712850999736119],[-79.571804000160185,38.712416000084552],[-79.572210000041039,38.712082999998273],[-79.572235000155402,38.712041999779331],[-79.572298999729512,38.711974000150853],[-79.572426999776013,38.711784999957182],[-79.572531000431397,38.711270000072048],[-79.572738999945557,38.710756000261803],[-79.572945999634797,38.710448000257564],[-79.573359000086668,38.709934999735601],[-79.573565999775894,38.709729999956885],[-79.57377300036346,38.709216000289956],[-79.573774000188365,38.709109000182316],[-79.573774000188365,38.708895000187638],[-79.573774000188365,38.708815000188913],[-79.573774000188365,38.708475999682896],[-79.573774000188365,38.708413000329863],[-79.573843999610247,38.708130999874918],[-79.573873999747462,38.708013000249352],[-79.573974000204899,38.707512999805658],[-79.574673999813641,38.706812999899583],[-79.574774000271049,38.706812999899583],[-79.575119000052567,38.706726000123432],[-79.575174000304145,38.706712999954384],[-79.575574000337227,38.706412999980756],[-79.575668000048552,38.706313999818356],[-79.575741999668395,38.706241000035689],[-79.575875999562697,38.706111999805337],[-79.575929000164464,38.705996000345046],[-79.575974000370294,38.705901999943286],[-79.575974000370294,38.705412999857209],[-79.575873999912886,38.705012999817583],[-79.575873999912886,38.704613000344366],[-79.576174000386857,38.704112999959349],[-79.576190000280363,38.704091000162151],[-79.576473999962502,38.703712999657753],[-79.576574000419924,38.703212999989944],[-79.57667399997905,38.702713000331258],[-79.576774000436473,38.702412999699213],[-79.576973999554696,38.701913000055349],[-79.577373999587778,38.701613000273454],[-79.577674000061748,38.701412999719729],[-79.578674000144474,38.701012999738445],[-79.578773999703571,38.700913000094623],[-79.57927400019409,38.700712999686402],[-79.57987400024372,38.700513000120957],[-79.579997000267355,38.700450999784557],[-79.580474000293336,38.700213000074633],[-79.580973999885515,38.700012999811968],[-79.581373999918611,38.69981299969109],[-79.581630000011643,38.699513999950042],[-79.581643000430418,38.699489999965891],[-79.581674000392582,38.699412999874625],[-79.581840000073939,38.699286999865194],[-79.582074000425649,38.699113000121592],[-79.582274000442212,38.69871299989547],[-79.582333999818346,38.698590999752845],[-79.582465000237917,38.698330999995868],[-79.582476000108556,38.698308999822018],[-79.582521000314415,38.698125000142845],[-79.582574000017857,38.697912999742755],[-79.582790999752817,38.697550000197765],[-79.582873999593517,38.697413000186145],[-79.582906000278868,38.697371000201635],[-79.583174000067487,38.697013000267674],[-79.583557000382115,38.6967730000842],[-79.583974000133637,38.696513000028318],[-79.584574000183252,38.696213000029807],[-79.585374000249416,38.695812999710441],[-79.585929999918122,38.695494000020609],[-79.586073999858158,38.69541299995862],[-79.586574000348662,38.695113000254338],[-79.58668099958048,38.695006000076383],[-79.586774000365224,38.694912999752425],[-79.586974000381758,38.694713000093621],[-79.587258999888803,38.694237000254894],[-79.587273999957418,38.69421299990227],[-79.587473999973952,38.69391300007301],[-79.587574000431388,38.693313000145672],[-79.587574000431388,38.692613000063261],[-79.5876739999905,38.69221299994571],[-79.587574000431388,38.691612999782585],[-79.587574000431388,38.691422999908859],[-79.587574000431388,38.69091299989298],[-79.5876739999905,38.690513000086185],[-79.587684999861153,38.690467999967993],[-79.587774000447908,38.690113000146447],[-79.587874000007034,38.68991299968846],[-79.588173999582708,38.689512999899868],[-79.588474000056664,38.689413000304476],[-79.589373999681953,38.689212999993146],[-79.590474000222073,38.689112999978441],[-79.591373999847349,38.689012999823909],[-79.592074000354401,38.688812999796774],[-79.592674000404017,38.688512999759553],[-79.59317399999621,38.688212999866799],[-79.59377400004584,38.687913000118478],[-79.594174000078922,38.687712999821159],[-79.595075000427414,38.687612999813453],[-79.595874999595281,38.687612999813453],[-79.596074999611815,38.687612999813453],[-79.596164000198584,38.68763499977107],[-79.59640400039811,38.687682000072144],[-79.596392999629131,38.687704000008488],[-79.596474999644897,38.687713999722369],[-79.597274999711061,38.687713999722369],[-79.597674999744143,38.687613999716056],[-79.597575000185032,38.68741399998536],[-79.597950000103751,38.68712500009854],[-79.598012000028035,38.686999000180464],[-79.598033999769342,38.686890999873654],[-79.598074999777239,38.686212999755561],[-79.597975000218113,38.685712999757691],[-79.597575000185032,38.68521299977207],[-79.597349000229229,38.684986999821312],[-79.597276000434277,38.684914000007367],[-79.597074999694527,38.684712999798649],[-79.596874999677965,38.684312999688565],[-79.596975000135416,38.68361299990076],[-79.597074999694527,38.682913000277729],[-79.597274999711061,38.682512999923254],[-79.597474999727595,38.682113000137917],[-79.597874999760691,38.681813000058838],[-79.598674999826855,38.681713000220498],[-79.599274999876485,38.681513000124617],[-79.599465999672177,38.681417999813135],[-79.599612000160363,38.681304000254677],[-79.599628999878803,38.681290999672207],[-79.600064999896901,38.680981999696655],[-79.600217000232874,38.680876000119355],[-79.600798999840819,38.680474000295789],[-79.60086300031324,38.680427000169004],[-79.601056999583676,38.680289000319569],[-79.601122999705922,38.680245000088014],[-79.601352999859685,38.680081999695837],[-79.601468000385722,38.679701999912716],[-79.601468000385722,38.679303999881057],[-79.601468000385722,38.67870400016082],[-79.6013679999283,38.678504000071364],[-79.60106800035264,38.678205000325889],[-79.600668000319573,38.678006000281428],[-79.600069000094848,38.677906000032621],[-79.599469000045218,38.677706999858138],[-79.598968999554714,38.677408000289567],[-79.598569000419943,38.677008000023008],[-79.598270999595812,38.676407999990246],[-79.59817000021178,38.675909000278004],[-79.598269999770892,38.675609000141314],[-79.598470999612346,38.675109999768175],[-79.598670999628879,38.674809999789311],[-79.598872000368672,38.674310000069617],[-79.598872000368672,38.674110000325925],[-79.59897199992777,38.673510999945869],[-79.598972999752689,38.67311100034442],[-79.598873000193564,38.672712000021356],[-79.59867300017703,38.67231300027975],[-79.598473000160496,38.671913000296335],[-79.598073999952319,38.671414000108527],[-79.597673999919238,38.671114000069913],[-79.597607999796992,38.671047999668303],[-79.597273999886141,38.670715999976856],[-79.596873999853074,38.670318999919466],[-79.596772999570717,38.67002000035032],[-79.596572999554184,38.669621999786358],[-79.596173000419412,38.669224999974851],[-79.596072999962004,38.669026000214494],[-79.595672999928908,38.66862899990371],[-79.595472999912374,38.668232000197101],[-79.595370999805112,38.667633999913015],[-79.595170999788579,38.667236000113128],[-79.594969999947125,38.666838999696608],[-79.594670000371465,38.666540999819226],[-79.594271000163303,38.666143999757601],[-79.593970999689333,38.665845999793412],[-79.593870000305316,38.665546999780894],[-79.593870000305316,38.665447999874601],[-79.593868999582071,38.665149000304382],[-79.593968000214602,38.6650490003314],[-79.594167000406216,38.664749999796534],[-79.594364999874628,38.664648999744273],[-79.594662999800462,38.664349000117227],[-79.595159000093005,38.663750000134357],[-79.595159000093005,38.663550999887214],[-79.595257999827211,38.663450999786896],[-79.595356999561403,38.663252000111733],[-79.595555999753046,38.663052000339214],[-79.595754000119769,38.662950999996347],[-79.596153000327945,38.662850999759613],[-79.596750000004505,38.662848999963849],[-79.596950000021053,38.662947999956224],[-79.597349000229229,38.663046000267293],[-79.597847000171598,38.663043999775574],[-79.598544000305594,38.663041999985204],[-79.599141999807074,38.66314000016763],[-79.599740000206893,38.663236999972781],[-79.600337999708358,38.663435000150663],[-79.600837000373971,38.663632000244867],[-79.601533999609657,38.663730000321316],[-79.602132000009462,38.66372799984871],[-79.60262999995183,38.663726000077432],[-79.603028000335087,38.663724999841087],[-79.603626999661472,38.663921999838941],[-79.604124999603854,38.664120000227072],[-79.604723999828565,38.664316999839698],[-79.605621999804015,38.664513000087773],[-79.606119999746397,38.664610999659971],[-79.606917000337816,38.664808000025999],[-79.607416000105104,38.665104999884541],[-79.6078160001382,38.665302999807309],[-79.60841399963968,38.665699000114522],[-79.609113000321827,38.666095999837793],[-79.609710999823307,38.666293000326775],[-79.610309000223111,38.666191000144806],[-79.610807000165465,38.666189999942887],[-79.611105000091314,38.666088999817539],[-79.611504000299476,38.666187000038455],[-79.611902999609342,38.666286000325776],[-79.612202000258392,38.666583999861608],[-79.61270100002568,38.666881000069161],[-79.613300000250391,38.667077999801194],[-79.613685000214858,38.667268999974489],[-79.613807000413587,38.667330000124437],[-79.613882999683256,38.667368000168615],[-79.613901000124926,38.66737699973315],[-79.614710000411932,38.667690999729672],[-79.615218000400048,38.667697000113833],[-79.615625000105808,38.667701000135835],[-79.61613399991883,38.667605000247292],[-79.616540999624618,38.667508000046524],[-79.616949000053623,38.667410999714342],[-79.617256000200271,38.667211000335577],[-79.617666000279101,38.66691100021999],[-79.61807100033505,38.666714000028485],[-79.618083999855543,38.666714000028485],[-79.618344999971441,38.666629999764218],[-79.618416000116568,38.666607999661998],[-79.618699999798679,38.666704000185881],[-79.618795000233234,38.666741999860868],[-79.618975000158287,38.666813999780437],[-79.619074999717398,38.666914000094081],[-79.619474999750494,38.667014000268125],[-79.619775000224465,38.667115999979053],[-79.619975000240998,38.667313999952157],[-79.620175000257532,38.667414000268899],[-79.620328000418411,38.667551999691085],[-79.620426000327711,38.667617000328079],[-79.62067499984974,38.667713999679776],[-79.62080299989627,38.667743000002744],[-79.620874999866274,38.667814000139259],[-79.62127499989937,38.668013999937813],[-79.621775000389874,38.668213999879107],[-79.622074999965534,38.668413999963114],[-79.622774999574261,38.668714000093637],[-79.622875000031684,38.668714000093637],[-79.623075000048232,38.668813999857825],[-79.623174999607329,38.668714000093637],[-79.62327500006478,38.668714000093637],[-79.623475000081299,38.668714000093637],[-79.623574999640425,38.668714000093637],[-79.623774999656959,38.668614000189784],[-79.625142999985698,38.667644999807344],[-79.625344999652071,38.66742800004959],[-79.625501000186006,38.667218999732292],[-79.625926000333422,38.666669999868958],[-79.626230000107043,38.666147999866411],[-79.626275000312887,38.665513999827319],[-79.626374999871999,38.665513999827319],[-79.626374999871999,38.665214000317135],[-79.626475000329421,38.665113999733506],[-79.626475000329421,38.66501399971164],[-79.626475000329421,38.664813999950333],[-79.626475000329421,38.6647140002109],[-79.626574999888547,38.664514000313119],[-79.626574999888547,38.664414000154785],[-79.626675000345969,38.664414000154785],[-79.626675000345969,38.664313999856745],[-79.626774000080175,38.664214000120488],[-79.626574999888547,38.663914000073881],[-79.626538999903531,38.66369799976713],[-79.626532000230824,38.663661000116853],[-79.626467999758432,38.66331600020149],[-79.626475000329421,38.663114000118007],[-79.626275000312887,38.66281399967167],[-79.626075000296353,38.662514000072903],[-79.625774999822383,38.662213999918784],[-79.625574999805821,38.662114000055801],[-79.625476999896534,38.662131999802924],[-79.625275000230175,38.662014000053126],[-79.624774999739671,38.661663999996385],[-79.624675000180545,38.661614000049042],[-79.624174999690055,38.661614000049042],[-79.623475000081299,38.661614000049042],[-79.623374999623891,38.661614000049042],[-79.623075000048232,38.661614000049042],[-79.622574999557713,38.661514000049664],[-79.621874999948986,38.661413999910629],[-79.621375000356778,38.66111400005866],[-79.62067499984974,38.660813999651417],[-79.619674999767028,38.660014000137821],[-79.619175000174849,38.659614000186522],[-79.618575000125219,38.65911400026242],[-79.618175000092123,38.658813999895145],[-79.617905999580302,38.658364999754546],[-79.61819900038158,38.657975999689555],[-79.618689999752945,38.65756900012989],[-79.619182999672432,38.657260999797856],[-79.61935000007702,38.657006999857714],[-79.619579000405878,38.65665899985266],[-79.619674999767028,38.656514000228405],[-79.619874999783562,38.655914000307931],[-79.620059999731495,38.655605999874446],[-79.620175000257532,38.655413999808722],[-79.620474999833192,38.654813999793859],[-79.62067499984974,38.654414000265618],[-79.621074999882808,38.653814000292975],[-79.62120899977711,38.653337000226038],[-79.62157500037334,38.652814000161406],[-79.621874999948986,38.652214000116778],[-79.622175000422956,38.651914000314626],[-79.622175000422956,38.65181400010141],[-79.622474999998616,38.6513139997477],[-79.622774999574261,38.650814000113705],[-79.622974999590809,38.650413999998655],[-79.623075000048232,38.650013999755039],[-79.623174999607329,38.649814000198923],[-79.623174999607329,38.649514000168651],[-79.62327500006478,38.649313999918292],[-79.623374999623891,38.649214000285319],[-79.624774999739671,38.647813999889372],[-79.624875000197108,38.647513999903808],[-79.625075000213641,38.647313999683284],[-79.625174999772753,38.646913999672272],[-79.625174999772753,38.646713999881797],[-79.625275000230175,38.646614000127997],[-79.625773000172543,38.646377999818988],[-79.625948000074743,38.646345999931313],[-79.626369999849118,38.64626799970663],[-79.626553999972145,38.646234000211827],[-79.626858999570672,38.646183000237684],[-79.626980999769401,38.646165999770496],[-79.627275000395599,38.64611399996727],[-79.627774999987793,38.645914000048677],[-79.628674999613068,38.645313999749803],[-79.62907499964615,38.645113999703071],[-79.629575000136654,38.644814000340403],[-79.630274999745396,38.644413999704184],[-79.63107499981156,38.643213999834487],[-79.63107499981156,38.642914000235443],[-79.63107499981156,38.642414000217784],[-79.631175000268982,38.641914000219835],[-79.63137500028553,38.64141400024161],[-79.631575000302078,38.641014000273387],[-79.631775000318612,38.640514000331009],[-79.631874999877724,38.640114000251209],[-79.631955000243664,38.639577000182406],[-79.632356000101652,38.638817000184574],[-79.632705999906022,38.638318000241405],[-79.632799999617362,38.638219999779736],[-79.63315699999275,38.637949999976968],[-79.633389999621244,38.637671999969768],[-79.633452000443839,38.637637000006031],[-79.633496999751358,38.637592000328219],[-79.634095999976083,38.637040000297958],[-79.634342000023366,38.636307999864158],[-79.633932999769456,38.635967999739123],[-79.633422000306595,38.635821999714729],[-79.632212000161616,38.635554999785221],[-79.631618999784692,38.635324999834417],[-79.631344000323395,38.63506000002868],[-79.630247000156302,38.634482000231337],[-79.630159000292764,38.634459000135706],[-79.629975000169736,38.634413999866219],[-79.629975000169736,38.634313999789995],[-79.629775000153202,38.634014000127742],[-79.629575000136654,38.633713999911741],[-79.629474999679232,38.633413999843697],[-79.629474999679232,38.633013000175701],[-79.62937500012012,38.632613000338864],[-79.629175000103587,38.632412999934381],[-79.62907499964615,38.632212999673676],[-79.628975000087038,38.632113000035837],[-79.628874999629602,38.631913000341648],[-79.628674999613068,38.631713000089512],[-79.628575000053942,38.631613999737219],[-79.62847499959652,38.631414000054463],[-79.628175000020875,38.631213999813774],[-79.627975000004312,38.631014999708235],[-79.627774999987793,38.630614999951526],[-79.627574999971245,38.630415000288906],[-79.627475000412133,38.630215000068361],[-79.627374999954696,38.629915000094947],[-79.627475000412133,38.629615000269787],[-79.627475000412133,38.629539000105467],[-79.627475000412133,38.629314999891122],[-79.627475000412133,38.629115000110907],[-79.627475000412133,38.628814999745408],[-79.627475000412133,38.62861499997404],[-79.627475000412133,38.62821500016112],[-79.627574999971245,38.627915000240591],[-79.627675000428667,38.627614999766585],[-79.627774999987793,38.62741500015688],[-79.627875000445215,38.627114999696282],[-79.627975000004312,38.62691500009543],[-79.628074999563438,38.626615000350036],[-79.628074999563438,38.62651499992208],[-79.628000999943595,38.626471000335208],[-79.626839000377501,38.625758999949952],[-79.6266340003381,38.625634000181805],[-79.626451999864884,38.625528000084152],[-79.626137000220623,38.62534299992241],[-79.626000999778185,38.625085000231401],[-79.625955999572355,38.624999000128106],[-79.625869000432019,38.625001000278587],[-79.625783000218306,38.625002999727158],[-79.625522000102393,38.625008000102966],[-79.625435000063746,38.625009000178075],[-79.625348000025127,38.625011000328229],[-79.62526099998648,38.625012999776565],[-79.625174999772753,38.625014999926613],[-79.624773999914751,38.625004999877532],[-79.624773999914751,38.62511500034109],[-79.623173999782438,38.62481500008299],[-79.62297399976589,38.62481500008299],[-79.622773999749342,38.624714999952019],[-79.622474000173696,38.624514999973506],[-79.622074000140614,38.624315000138964],[-79.621773999666644,38.624114999746666],[-79.62127400007445,38.623815000217775],[-79.621074000057916,38.62371500009592],[-79.62097399960048,38.62371500009592],[-79.620573999567398,38.623515000135697],[-79.620174000432641,38.623315000319529],[-79.619774000399545,38.623114999945543],[-79.619473999925575,38.622914999715661],[-79.619283999954789,38.62272600010521],[-79.619257000190615,38.622472999973255],[-79.619308000244217,38.622246999916243],[-79.619323000312846,38.621960999835494],[-79.619319000114885,38.621949999944583],[-79.619211000159865,38.621419000013873],[-79.619218999657448,38.621348000215512],[-79.619174000349929,38.621215000156965],[-79.619174000349929,38.620814999771497],[-79.619273999909055,38.620414999962506],[-79.619550999918474,38.620047999884378],[-79.619739000239449,38.619849999817738],[-79.619877000331712,38.619712999894794],[-79.620398999665213,38.619364999851356],[-79.620565000244881,38.61922399978269],[-79.620585000336362,38.619194000016094],[-79.620679999872593,38.619100000010924],[-79.620710000009836,38.619054999927535],[-79.620718000405745,38.618996999856385],[-79.620724000253531,38.618985000053655],[-79.620732999576049,38.618973999706313],[-79.620751000017719,38.618882999894502],[-79.620773999583946,38.618815000175722],[-79.620817999964871,38.618759999695449],[-79.62095699988204,38.618414000275379],[-79.621057000339476,38.618251000229876],[-79.621173999617014,38.617915000095493],[-79.62127400007445,38.617715000103807],[-79.62127400007445,38.617175000148194],[-79.62127400007445,38.616915000175425],[-79.621373999633576,38.616314999988845],[-79.621573999650096,38.616015000119226],[-79.621773999666644,38.615615000213104],[-79.621973999683192,38.615315000223482],[-79.622074000140614,38.615014999681193],[-79.622370000416623,38.614709000081611],[-79.622460999754907,38.614515999720233],[-79.62250199976279,38.614430000279363],[-79.622526999877138,38.614326000213836],[-79.622542999770658,38.614307000165326],[-79.622731000091648,38.614105000188076],[-79.622938999605793,38.613991999699074],[-79.623256999623109,38.613980999989849],[-79.623465999860485,38.613866999776938],[-79.623674000272942,38.613753000084813],[-79.623885999985049,38.613745999863852],[-79.624829999991249,38.613394000104748],[-79.624936000296472,38.613389999858271],[-79.625250000115827,38.613273000095774],[-79.625515000429687,38.613058999922472],[-79.625609000141026,38.612994999864746],[-79.625662999669387,38.612956000218297],[-79.625695000354739,38.612938000050356],[-79.625902000043993,38.612824999828881],[-79.625998000303454,38.612772000160625],[-79.626059000402819,38.612736999974175],[-79.626114999581006,38.612707999846862],[-79.626341000435119,38.612590000127653],[-79.626378000245055,38.612579999749933],[-79.626873999639287,38.61241499998448],[-79.627273999672369,38.612114999949235],[-79.627673999705451,38.611815000063324],[-79.627722000284336,38.611619999815687],[-79.627774000162873,38.611414999901875],[-79.627806999774847,38.61131500003949],[-79.627974000179421,38.610815000040759],[-79.628073999738533,38.610515000334438],[-79.628073999738533,38.609914999966243],[-79.627774000162873,38.609315000196133],[-79.627574000146339,38.608915000135717],[-79.627273999672369,38.608415000258702],[-79.627073999655835,38.607914999705315],[-79.627374000129791,38.607714999912353],[-79.628174000195955,38.607614999806827],[-79.62907399982123,38.607414999879609],[-79.629637999885858,38.607414999879609],[-79.630473999937024,38.607414999879609],[-79.63167400003627,38.607315000057973],[-79.632196000268095,38.607198999837529],[-79.632663000248314,38.607092999871512],[-79.633024999748244,38.607008000282349],[-79.633357000009269,38.606892000267614],[-79.634074000234776,38.606615000212074],[-79.63446400022211,38.606514999977534],[-79.634763999797755,38.606427000105079],[-79.635675000191995,38.605914999855429],[-79.636275000241625,38.605514999794899],[-79.636774999833818,38.605214999690233],[-79.637374999883448,38.604814999939734],[-79.63777499991653,38.604614999930391],[-79.637909999635738,38.604610000238914],[-79.63827500040702,38.604614999930391],[-79.638975000015776,38.604614999930391],[-79.63947499960797,38.604715000004767],[-79.639565000019644,38.604627000030902],[-79.639642999837449,38.604641999802752],[-79.639738000272018,38.604544000347566],[-79.640122000411566,38.604444999694756],[-79.64040799974353,38.604153999814471],[-79.640885999594417,38.60376500034122],[-79.641364000343614,38.603471999760835],[-79.641940000103787,38.60327499995109],[-79.642514000214149,38.602980999795967],[-79.642993999714861,38.602784000042469],[-79.643376000204583,38.602492000058021],[-79.643373999656447,38.602300000219046],[-79.643284000143083,38.601953000344103],[-79.643274999922241,38.601915000007018],[-79.642874999889173,38.601515000115583],[-79.642375000296965,38.601014999924324],[-79.642175000280432,38.600614999931068],[-79.642074999822995,38.600214999814682],[-79.642274999839557,38.599815000277232],[-79.642674999872625,38.599315000177789],[-79.643074999905707,38.598715000234726],[-79.643274999922241,38.598215000195168],[-79.643575000396211,38.597715000182994],[-79.643975000429307,38.59751500004537],[-79.644675000038049,38.59751500004537],[-79.645275000087665,38.59761500018385],[-79.645875000137295,38.59761500018385],[-79.646374999729488,38.59751500004537],[-79.646574999746008,38.59721500019824],[-79.646875000219978,38.596715000241097],[-79.647066999840618,38.596459000330356],[-79.647174999795638,38.596315000154839],[-79.647475000269608,38.595815000247441],[-79.647774999845254,38.595314999665788],[-79.64817499987835,38.594615000021648],[-79.648275000335786,38.594514999916491],[-79.648574999911432,38.594314999990324],[-79.6489749999445,38.594115000209143],[-79.649475000435032,38.593914999870712],[-79.64957499999413,38.593815000194652],[-79.649775000010678,38.593614999722554],[-79.649874999569775,38.593415000097529]]]},"properties":{"NAME":"Western district","BASENAME":"Western","GEOID":"5407193615"}},{"type":"Feature","geometry":{"type":"Polygon","coordinates":[[[-79.537522000010838,38.55133899982026],[-79.537369999674866,38.551217000194207],[-79.536870000082672,38.550917000141254],[-79.536670000066138,38.550617000241594],[-79.53647000004959,38.550316999792734],[-79.536270000033042,38.549817000009924],[-79.536270000033042,38.549417000068892],[-79.536070000016522,38.54901700001033],[-79.53586999999996,38.548716999911221],[-79.535669999983426,38.548317000173896],[-79.535269999950344,38.54801699996451],[-79.534869999917277,38.547716999908644],[-79.534628000067926,38.547535000056293],[-79.53446999988418,38.547417000006277],[-79.534069999851098,38.547017000063036],[-79.533970000291987,38.54691699972954],[-79.533669999818031,38.546617000002485],[-79.533370000242357,38.546216999824686],[-79.533370000242357,38.546017000306577],[-79.533570000258905,38.545617000304205],[-79.533770000275439,38.545217000184714],[-79.533570000258905,38.544916999688901],[-79.533170000225823,38.544717000068275],[-79.532869999751853,38.544316999860953],[-79.531970000126577,38.543116999942299],[-79.531970000126577,38.543016999806454],[-79.531869999669141,38.542816999820189],[-79.531970000126577,38.542417000287024],[-79.531770000110043,38.542316999880441],[-79.531469999636073,38.542117000055477],[-79.531069999602991,38.542016999934411],[-79.530570000010798,38.541916999674299],[-79.530270000435124,38.541916999674299],[-79.530169999977716,38.541816999977783],[-79.52867000030281,38.54061699980106],[-79.528569999845374,38.54061699980106],[-79.528569999845374,38.540516999702312],[-79.52836999982884,38.540216999977289],[-79.528270000269714,38.539817000036948],[-79.528270000269714,38.539517000202814],[-79.528270000269714,38.539116999882928],[-79.527969999795744,38.538917000294148],[-79.527369999746128,38.538517000150868],[-79.527070000170468,38.538317000299102],[-79.526869000329015,38.538016999830141],[-79.526768999871607,38.537518000138675],[-79.526669000312481,38.53711799994516],[-79.526460999900024,38.536978999740093],[-79.52636899983851,38.536917999716984],[-79.525869000246317,38.536718000338119],[-79.525368999755813,38.536418000227187],[-79.524971000270867,38.53631400029019],[-79.524568999689649,38.536118000270513],[-79.524368999673115,38.535918000072797],[-79.524069000097455,38.535618000139003],[-79.523869000080907,38.535317999656854],[-79.523568999606937,38.535018000031677],[-79.523069000014743,38.534917999878608],[-79.522668999981661,38.534717999858167],[-79.522369000406016,38.534617999990793],[-79.522253999879979,38.534539999857159],[-79.52219199995568,38.534498999897203],[-79.522068999932046,38.534417999838986],[-79.522001999984894,38.534384000038962],[-79.521936999687554,38.534351000155702],[-79.521909000098461,38.534336999689614],[-79.521868999915498,38.534318000257315],[-79.521818999686786,38.534321000057055],[-79.521787999724651,38.534322999923468],[-79.521759000310652,38.534309000154629],[-79.521699000036179,38.534248999909785],[-79.521668999898949,38.534217999833928],[-79.521468999882416,38.534117999974207],[-79.521468999882416,38.534033999675486],[-79.521468999882416,38.533917999837804],[-79.521377999645821,38.533766999781122],[-79.521107000382472,38.533314999764649],[-79.521016999970797,38.533164999796995],[-79.52061500028789,38.532495999689253],[-79.519409000340872,38.530488000002372],[-79.519006999759625,38.529819000301295],[-79.518718999879553,38.529339000014225],[-79.518294999557028,38.528631999714229],[-79.517854000414374,38.527898000298372],[-79.517565999635977,38.527418999875565],[-79.517394999931753,38.527134000138673],[-79.516881999920756,38.526280999867694],[-79.516712000041451,38.525996999889379],[-79.516666000010702,38.525920000298491],[-79.516527000093518,38.525688000275508],[-79.516481000062768,38.525611999705482],[-79.515444999995054,38.523888000058086],[-79.515258000397296,38.523576000277536],[-79.51234099998986,38.518718999770819],[-79.511305999747051,38.516995999652728],[-79.511289999853531,38.516970000044516],[-79.511243999822781,38.516892999933106],[-79.511228999754152,38.516867999760542],[-79.511069999745501,38.516602999787544],[-79.510592999719535,38.515808000341281],[-79.51043399971087,38.515544000174771],[-79.51041699999243,38.515516999847605],[-79.51036900031184,38.515436000211054],[-79.510353000418334,38.515408999843324],[-79.510170000120226,38.515105000054838],[-79.509621999949132,38.514191999803003],[-79.509440000374269,38.513889000012867],[-79.50925399970312,38.513579000209269],[-79.508694999661373,38.512648999818659],[-79.508508999888534,38.512339999834914],[-79.507925999557344,38.511370000076049],[-79.506505000423473,38.50900400006298],[-79.506178000185329,38.508459999716102],[-79.505595999679045,38.507489999705733],[-79.505333999738227,38.507032000077459],[-79.505019000093952,38.50647999984696],[-79.504517999778543,38.505680999771648],[-79.504239000119284,38.50523499971743],[-79.504229999898456,38.50522099991376],[-79.504162000126385,38.505107000005125],[-79.503943999668195,38.504743999704239],[-79.503931999972608,38.50472300020602],[-79.503855999804642,38.50459500028667],[-79.503648000290497,38.504190000212958],[-79.503468000365444,38.503841999939453],[-79.502998000012155,38.502992999992259],[-79.502777999904126,38.502596000229481],[-79.502471999582369,38.502043000063189],[-79.501556000063573,38.500388000313755],[-79.501250999566736,38.499837000189359],[-79.501244999718949,38.499825999870922],[-79.501233999848282,38.499803999932034],[-79.50116799972605,38.499679999959028],[-79.501146999809663,38.499640999951772],[-79.501125000068342,38.499599999795159],[-79.501059999771016,38.49947699988833],[-79.501038000029723,38.499436000341419],[-79.500921999678766,38.499261000109577],[-79.500571000049476,38.498734999950607],[-79.500453999873613,38.498560000124819],[-79.500429999584156,38.498526000258018],[-79.500355999964327,38.498420999968332],[-79.500330999849965,38.498386000306425],[-79.50023999961337,38.498254999773877],[-79.499965999976993,38.497860999822322],[-79.499873999915494,38.497729000002543],[-79.499862000219906,38.49771099978468],[-79.499822999861848,38.49765500032801],[-79.499810000341384,38.497635999648793],[-79.499801999945461,38.497624999697237],[-79.49978100002906,38.497589999648618],[-79.49976799961027,38.497578999690099],[-79.49976799961027,38.497607000156457],[-79.49976799961027,38.497691000084203],[-79.49976799961027,38.497720000245735],[-79.499507000392668,38.497268999976235],[-79.498723000220039,38.495915999803145],[-79.498677000189275,38.495835999677475],[-79.498540999746851,38.49560200018842],[-79.498462000104141,38.495465000191885],[-79.498355999798918,38.495280000321969],[-79.498226000102576,38.495051999790732],[-79.498037999781602,38.49472299970747],[-79.497932000374703,38.494537000258532],[-79.497677000106577,38.494091999889093],[-79.49691200020051,38.492755000251414],[-79.496656000107464,38.492307999794328],[-79.496649000434772,38.492295999918397],[-79.496632999642941,38.492266999682734],[-79.496620999947368,38.49224600006243],[-79.496611999726539,38.492230000213681],[-79.496584999962366,38.492184000277234],[-79.496575999741523,38.492167999711597],[-79.496498999748638,38.492024999903748],[-79.495110000401809,38.489592000122634],[-79.490701999641985,38.481870999828082],[-79.489232000104323,38.479295999931672],[-79.488862000208456,38.478647999986755],[-79.487751999622589,38.476701000273358],[-79.487380999901831,38.476052000169894],[-79.487052000013861,38.475474999778072],[-79.486063999626722,38.473743999729237],[-79.485733999913833,38.47316699985457],[-79.483890000282344,38.469936000209003],[-79.47920100021345,38.461719000025226],[-79.478357999591267,38.460241999662692],[-79.476637999808318,38.457227999945573],[-79.476395999958996,38.457159000288229],[-79.476317000316271,38.457313000105536],[-79.475524999747719,38.459235000217049],[-79.474331000394571,38.462508000003822],[-79.471427000405924,38.467828000230817],[-79.469814999679699,38.470781000309145],[-79.467945000108955,38.474649000249286],[-79.466895999622466,38.477004999711419],[-79.466970999965525,38.478670000056525],[-79.465759000170721,38.479550000154937],[-79.465498999879699,38.479739000280233],[-79.463912999991081,38.481193000088098],[-79.462487999760938,38.483214999882868],[-79.462354999691556,38.483404000242885],[-79.461932000092261,38.484681000332593],[-79.460591000426021,38.485910999969796],[-79.459157999799956,38.487292999722875],[-79.448362999827921,38.499273000231405],[-79.447664999869005,38.500125000259594],[-79.446540999937724,38.501768000020654],[-79.445951999758762,38.503212000221048],[-79.443924000004273,38.505299999824807],[-79.442625999995727,38.507077000062544],[-79.441462999706417,38.508043999820487],[-79.440000999666339,38.509578999973989],[-79.438567999938584,38.511617000075795],[-79.437807000230478,38.512225999949607],[-79.436992999920619,38.51323300007202],[-79.436342999642278,38.514464999781438],[-79.435756000011452,38.515187999759185],[-79.433718000211201,38.516772999869154],[-79.432954999954958,38.517869000052073],[-79.432543000226318,38.518541999703388],[-79.432347000407731,38.518997000181386],[-79.426453000216711,38.526092000256803],[-79.426327999644911,38.526488999784206],[-79.426253000200177,38.527243000151621],[-79.425718000447873,38.528054000124783],[-79.419980999717353,38.533836999828203],[-79.419445999965063,38.534137000162033],[-79.418467999623687,38.534707999877668],[-79.417542000059143,38.535349999880303],[-79.415987000132645,38.536747000240354],[-79.414926999775474,38.537511000214124],[-79.414041000393908,38.538405000021342],[-79.413236000304863,38.539175999715155],[-79.410446999943971,38.541475999854825],[-79.409672999817062,38.542246999653678],[-79.40897400003324,38.542686000030116],[-79.408469000418165,38.543060000155926],[-79.405386000329372,38.546638999687772],[-79.405004999664541,38.546907000039852],[-79.404705999913816,38.547028999953177],[-79.404659000058132,38.547034999897512],[-79.402031000254027,38.54726699993698],[-79.401744000198846,38.547380999821478],[-79.401661000358175,38.547470999898394],[-79.39816399999259,38.551324999850671],[-79.397733999822279,38.551808000036807],[-79.396137999887912,38.553333999932043],[-79.396137999887912,38.553426999990727],[-79.392546999811003,38.553306999733827],[-79.39151599976617,38.553272000060211],[-79.387662999748429,38.553141000347871],[-79.383074000136943,38.552987000176984],[-79.38136400039977,38.552927000057615],[-79.38000899959151,38.552881000260037],[-79.374633000332651,38.552649999747153],[-79.372440999648319,38.552554000346639],[-79.369494000001964,38.548065999992893],[-79.366133999903724,38.54295100021676],[-79.365974999895073,38.542651999922214],[-79.365759999809924,38.542598999742694],[-79.362054999930194,38.540991999986908],[-79.351300999966043,38.536112000118081],[-79.350173999661735,38.537500999919246],[-79.349335999960743,38.538104999919398],[-79.347745999874149,38.539683999983843],[-79.347384000374205,38.540274999759362],[-79.346293000054914,38.540952000032163],[-79.346149000114863,38.54121999979624],[-79.347493999979079,38.542189000056496],[-79.347787999706938,38.542174999710674],[-79.347949000263739,38.542442999835934],[-79.347925999799216,38.54295999994082],[-79.347777999661204,38.543483999888764],[-79.346071000297059,38.545867999899997],[-79.344186999584295,38.547425999873994],[-79.343175999630944,38.547956999912927],[-79.34226000011212,38.54841499978842],[-79.341377000205284,38.548878000319093],[-79.341188000059404,38.54901700001033],[-79.340635999690349,38.54972700005915],[-79.340100000113154,38.550165999737217],[-79.33948800036795,38.550350000079028],[-79.33863800007309,38.55045199997398],[-79.338414999592004,38.550415999903635],[-79.336581000006262,38.551236000080465],[-79.335645000395971,38.552004000154064],[-79.334874999568726,38.551559999882549],[-79.33184300043186,38.551163000305174],[-79.331549999630596,38.55122699998708],[-79.331173000062051,38.551513000218591],[-79.330860000067617,38.551742000084964],[-79.33024099975141,38.552677000192112],[-79.329880999901292,38.553203000332623],[-79.329357000019641,38.553856000131759],[-79.328987000123789,38.554233999799855],[-79.328614999679814,38.554463000131825],[-79.328392000097054,38.554582000212619],[-79.328322999601752,38.554699000094111],[-79.327957999728781,38.554516999649771],[-79.327537999604203,38.554169000327377],[-79.327309999998576,38.553968000084531],[-79.327017999920528,38.554056000326405],[-79.324463999736253,38.557219000334115],[-79.324110999558826,38.557818999981549],[-79.323584000202459,38.55891899990862],[-79.321675000273657,38.56182500017497],[-79.320951000375473,38.562547000280929],[-79.320433000341609,38.562909999846369],[-79.320125000370027,38.563452999976576],[-79.319827000444192,38.563986000094637],[-79.316472000368833,38.566296000176877],[-79.315336999668602,38.567182999787917],[-79.315159000291686,38.567304000235488],[-79.315143000398166,38.567307000064062],[-79.314755999885548,38.567629000133017],[-79.314443999716019,38.567907999950904],[-79.313761999650637,38.568433000152631],[-79.312723000108178,38.569171000203269],[-79.311778000277073,38.569915999979834],[-79.311272999763688,38.570269999730613],[-79.311001999602013,38.570485999924074],[-79.311100000409638,38.570758999815112],[-79.311363000175362,38.57105699968519],[-79.312239000409519,38.571418000271464],[-79.312335999595589,38.571643000170589],[-79.312648999590024,38.571650000284158],[-79.312955999736687,38.572075000080687],[-79.313041000125509,38.572227999981948],[-79.313083999783203,38.572830000244878],[-79.313339000051329,38.573867999707346],[-79.313600999992161,38.574703999709087],[-79.313636999977163,38.574928999851636],[-79.312087000073547,38.576830999885381],[-79.311415000053913,38.577600999732397],[-79.31104199978499,38.578532999774694],[-79.312173000287274,38.579890000276329],[-79.313046000148361,38.581137000111248],[-79.313386999731918,38.581578000317329],[-79.313416999869133,38.58206999988812],[-79.31328200014994,38.582538999708142],[-79.312837999735905,38.583208999755854],[-79.312600999909435,38.583390999867326],[-79.311938000110629,38.583971999729457],[-79.311682999842517,38.584279999670471],[-79.31141800042694,38.58459699982393],[-79.310369999765371,38.585604000194834],[-79.309255000054918,38.586401999707341],[-79.307512999632365,38.587930999903946],[-79.306501999679,38.589545999718851],[-79.305781999978791,38.591063999958905],[-79.305732999574985,38.591213000058488],[-79.305622999970126,38.591550999939152],[-79.30475799960665,38.592121000229916],[-79.304703000253369,38.592184000117349],[-79.303549000184887,38.593972000052013],[-79.302666000278037,38.595044999799249],[-79.301008000419387,38.596377999872246],[-79.299597000432939,38.597824999670124],[-79.298893999552845,38.598796999900316],[-79.297954999569512,38.601031999865853],[-79.297510000228897,38.601746999790585],[-79.297598999917369,38.603318000051928],[-79.297690999978869,38.604172999743753],[-79.297748999705178,38.604715000004767],[-79.297767999971768,38.604816999951076],[-79.297541000191032,38.60524499968696],[-79.297403999923702,38.605484000265733],[-79.297219999800674,38.605840000189446],[-79.297234999869289,38.605860000014438],[-79.297265999831424,38.605928999718891],[-79.29730299964136,38.605980999889795],[-79.297214999777808,38.605955999798873],[-79.297100000150081,38.605937000341655],[-79.297019999784141,38.60593299967941],[-79.296973999753391,38.60594300028162],[-79.296942999791227,38.605959999757829],[-79.296916000027053,38.605990999783366],[-79.296817000292847,38.606164000178126],[-79.296704000314946,38.606324000005628],[-79.296458000267663,38.606653000166439],[-79.296017000226698,38.606967999862718],[-79.294434999637716,38.608094999744374],[-79.293893000212719,38.608780000287702],[-79.290102000119276,38.613612000214964],[-79.288810999783422,38.61505199988607],[-79.287849000233876,38.61692200008715],[-79.286998999939001,38.617791000166321],[-79.286239000055801,38.61820299980571],[-79.285387000111101,38.618355000219886],[-79.285002000146633,38.618508999941575],[-79.28439200005127,38.618752999963093],[-79.282988999562434,38.620482000131666],[-79.281483999864662,38.622355000175155],[-79.280697000217287,38.623130000063114],[-79.279497000118042,38.62387999983622],[-79.278533999845266,38.624204999851862],[-79.27739499984537,38.62462499978507],[-79.276628000289492,38.625125999746544],[-79.275043000225764,38.626260999765968],[-79.275165000424508,38.62702899992226],[-79.275162999876372,38.627422999787036],[-79.275037000377992,38.627727999846876],[-79.274705000116995,38.62806200026025],[-79.274322999627245,38.628765000030327],[-79.27430799955863,38.629469999951098],[-79.274286999642229,38.629894999958509],[-79.274063000234563,38.63038000029055],[-79.269352000424348,38.636037999876059],[-79.269225000202738,38.636778000250125],[-79.268841999888082,38.637520999703277],[-79.268518000022979,38.638119000209073],[-79.268040999997012,38.638868999669441],[-79.267824000262038,38.639209999944171],[-79.267291999984494,38.640124000297952],[-79.266737999965613,38.640987999910493],[-79.266061999748004,38.641509000309441],[-79.256219000178092,38.656506000337352],[-79.25597700032877,38.656725000189155],[-79.256437999562905,38.659968000193977],[-79.256654000371284,38.661483999742018],[-79.257025999916962,38.664102000278206],[-79.257137000245038,38.665394000314357],[-79.256435000088175,38.66733800020927],[-79.25585199975697,38.668962000318544],[-79.255496000104827,38.66987499972258],[-79.255445000051196,38.6698989998226],[-79.255148999775201,38.669977000267387],[-79.255014999880899,38.670034999769683],[-79.254793000123044,38.670207999953085],[-79.254730000373854,38.670229000206348],[-79.254455999839152,38.670247000017753],[-79.254407000333671,38.670257000066897],[-79.254378000021347,38.670283999771719],[-79.254245999776884,38.670539999896206],[-79.253967000117626,38.670760999892117],[-79.253671999666508,38.671080999876686],[-79.253500000137379,38.671221000209201],[-79.253365000418171,38.671318000289027],[-79.253250999717025,38.671382000182987],[-79.253151999982819,38.671425000123421],[-79.252899000262843,38.671470000294441],[-79.252596000314142,38.67154299979471],[-79.252490000008933,38.671552000237128],[-79.252363999612243,38.671538999987362],[-79.252300999863053,38.671548999855993],[-79.25225900003025,38.671564999783214],[-79.252223000045248,38.671597999753345],[-79.252218999847287,38.671740000024961],[-79.252190000433288,38.671788999791573],[-79.252140000204562,38.671821999658434],[-79.251949000408857,38.671896000324672],[-79.251675999699074,38.672193999655583],[-79.251568999568946,38.672269000054342],[-79.251313000374211,38.67241899991474],[-79.251254999749577,38.6724840003411],[-79.251212999916788,38.672515999774042],[-79.251022000121083,38.672574000024795],[-79.250755999982289,38.67271699987392],[-79.25074500011165,38.672722999836807],[-79.250673000141632,38.672787999987136],[-79.250637000156615,38.672848000235376],[-79.250723000370343,38.673052999827398],[-79.250706999578497,38.67314599981141],[-79.250675999616362,38.673244000191666],[-79.25066800011875,38.673309999971394],[-79.250673000141632,38.673382000299277],[-79.250658000073017,38.673419999936627],[-79.250529000201567,38.673522000339936],[-79.250323000337261,38.673637999865598],[-79.250302000420874,38.673650999734242],[-79.250237999948439,38.673699000199775],[-79.250222999879824,38.673726000009168],[-79.25030599972051,38.673794000237272],[-79.250325999811992,38.673838000226688],[-79.250330999834873,38.673914999792395],[-79.250313000291513,38.674056999676019],[-79.250257000215015,38.674352999653976],[-79.250268999910574,38.674418999813845],[-79.250320999789125,38.674585000032046],[-79.250340000055701,38.67468399992822],[-79.250324000162166,38.674749999782946],[-79.250201999963423,38.674885000252566],[-79.250161999780445,38.675077000014355],[-79.250140000039153,38.675115000154584],[-79.250011999992637,38.675190000298223],[-79.249758000447741,38.675284999759604],[-79.249672000234,38.675366000167855],[-79.249570000126766,38.675517999993914],[-79.249396000049472,38.675752000239413],[-79.249221000147301,38.676050999712601],[-79.249054999567633,38.676214000168287],[-79.248982999597601,38.676311999854889],[-79.248936999566865,38.676459000185083],[-79.248863999771928,38.676579000087742],[-79.248862000122102,38.676688999938669],[-79.24869899991549,38.677015999727686],[-79.248522000363479,38.677413999859311],[-79.248406000012523,38.677823999654194],[-79.248202999622933,38.678135000010336],[-79.248129999827995,38.678260000074935],[-79.248092000193168,38.678363999956709],[-79.248097000216049,38.678429999924631],[-79.248134000025956,38.678638999772289],[-79.248139999873743,38.678693999889113],[-79.248124999805128,38.678732000212932],[-79.248074999576417,38.67878100010239],[-79.247990999910826,38.678817000328984],[-79.247975999842211,38.678822999780579],[-79.247933000184517,38.678861000035901],[-79.247903000047273,38.67894800004612],[-79.247841000123003,38.679188999739942],[-79.247795999917159,38.679303999881057],[-79.247666000220818,38.679445000277596],[-79.247574000159318,38.679768000049364],[-79.247529999778379,38.67985999971323],[-79.247458999633267,38.679914000284128],[-79.247281000256351,38.680015999848756],[-79.247188000369931,38.680107999895121],[-79.247129999745283,38.680183999722253],[-79.247089999562334,38.680374999992722],[-79.247109999653802,38.680688999781061],[-79.247099999608068,38.68082600026429],[-79.247077000041855,38.680918999966821],[-79.246989000178303,38.681055000015519],[-79.246896000291883,38.681178999896503],[-79.246220999899194,38.682076000186761],[-79.246148999929162,38.682189999917966],[-79.246088999654717,38.682327000332741],[-79.246034000301435,38.682562000028994],[-79.246039000324316,38.682644999859619],[-79.246145999556106,38.68317399994001],[-79.246148000104256,38.683365999905973],[-79.246096000225705,38.683486000149038],[-79.245958000133442,38.683693000042773],[-79.24589100018629,38.683828999728306],[-79.245919999600304,38.684081999940595],[-79.24590500043,38.684148000245223],[-79.245703999690235,38.684347999989072],[-79.245599999933162,38.684583000060741],[-79.24535499971077,38.684826000295999],[-79.245326000296771,38.68487500022033],[-79.245235999885097,38.685131999989714],[-79.245090000295221,38.685360999986017],[-79.244918999692686,38.685748000074653],[-79.244766000430118,38.686015000165838],[-79.244502999766084,38.686439000041297],[-79.244428000321321,38.68653000032706],[-79.244330000412035,38.686651000088638],[-79.24386099988368,38.687171000124707],[-79.243817000401052,38.687248000071719],[-79.243799999784301,38.687396000283677],[-79.24377800004298,38.687434000193917],[-79.24374899973067,38.687472000083972],[-79.243628000255171,38.687558000240479],[-79.243591000445235,38.687623000241246],[-79.243532999820616,38.687984999780141],[-79.243485999964932,38.688198000049482],[-79.243434999911315,38.688290999987963],[-79.243245999765435,38.688546000330078],[-79.243055999794635,38.688866999922325],[-79.242940000342003,38.689019999706062],[-79.242432000353872,38.689461999892323],[-79.241634999762439,38.690224999962318],[-79.241325000141046,38.690599000093187],[-79.241149000413955,38.690887999970592],[-79.241110000055897,38.690938999662826],[-79.241090999789321,38.690964000268565],[-79.240961999917886,38.691105000127735],[-79.240731999764122,38.691325999730743],[-79.240609999565379,38.691433999653263],[-79.240054999721607,38.691771999772499],[-79.239955000162482,38.691869000046985],[-79.239846000382542,38.692021999721078],[-79.239736999704277,38.692190000154916],[-79.239677000328143,38.692326999653176],[-79.239662000259528,38.692376000049769],[-79.239623999726376,38.69250200031447],[-79.239536999687729,38.692907000062789],[-79.239453999847058,38.693135999714158],[-79.239420000410192,38.693372000192227],[-79.239369000356575,38.694036000295398],[-79.239350999914905,38.694172999763971],[-79.239247999982737,38.694402000270451],[-79.239246000332912,38.694468000170119],[-79.239263999876272,38.694599999786703],[-79.239359000310813,38.695002000178071],[-79.239364000333708,38.695100999875422],[-79.239331999648329,38.695255000144968],[-79.239279999769792,38.6953750000797],[-79.239222000043483,38.695462000344662],[-79.239150000073451,38.695531999836312],[-79.239049999616029,38.695608000108294],[-79.238780000177599,38.695757000342589],[-79.23864399973516,38.69584899978171],[-79.238314999847191,38.696118000305468],[-79.237517000329163,38.696677999701457],[-79.237496000412762,38.696698999900271],[-79.237452000031823,38.696742000054357],[-79.237241000144635,38.697051999748197],[-79.237151999557852,38.697270999671957],[-79.236907000233799,38.698107000331753],[-79.236682000102888,38.698685999697958],[-79.236651000140753,38.698801000053038],[-79.236610000132885,38.699339000318851],[-79.23660799958472,38.699415999788698],[-79.23662799967623,38.699487000054923],[-79.236687000125769,38.699619999959054],[-79.236845000309515,38.699759999849256],[-79.236872000073703,38.699814999856322],[-79.236903999860729,38.699931000229668],[-79.236923999952239,38.69996399973946],[-79.237089999633582,38.700087999800779],[-79.237155999755814,38.700231999783064],[-79.237215000205367,38.700386000222245],[-79.237236000121754,38.700455000079295],[-79.237253999665128,38.700513000120957],[-79.237293000023172,38.700666999955033],[-79.237298000046053,38.700749999814597],[-79.237288000000305,38.700864999655067],[-79.237257000038156,38.700957999951633],[-79.23719299956575,38.701001000349436],[-79.237124999793679,38.701034000066514],[-79.237030000257434,38.701080999977208],[-79.236964000135217,38.701195000273714],[-79.236933999997973,38.70128800014119],[-79.236911000431746,38.701656000277417],[-79.236862000027941,38.701929999907136],[-79.236799000278765,38.702510999959998],[-79.236723000110786,38.702757000065745],[-79.236656000163634,38.702893999655231],[-79.23656199955397,38.703012999704754],[-79.236461000169967,38.703115999676136],[-79.236190000008307,38.703326000008936],[-79.235902000128206,38.703629000053269],[-79.23575900001309,38.703753000069007],[-79.235471000132989,38.704061999845578],[-79.235266999918494,38.70435599975454],[-79.235184000077822,38.704624000163513],[-79.235232999583303,38.704909999774564],[-79.235235000131439,38.705090999846696],[-79.23522300043588,38.705176999852128],[-79.235136000397233,38.705231000242797],[-79.234096999956478,38.705929000220472],[-79.233747999977027,38.706174999783848],[-79.233628000326433,38.706280999733742],[-79.233556000356401,38.706358000141108],[-79.233467999594538,38.706469999757154],[-79.233404000020442,38.706572000018404],[-79.233286999844566,38.706826999684438],[-79.233058000414033,38.707415999716957],[-79.232995999591438,38.707596000131183],[-79.232937999865115,38.707763999735],[-79.232772000183758,38.708209000007621],[-79.232573999817035,38.708751000125467],[-79.232445999770519,38.709130999837562],[-79.232347999861233,38.709518000312904],[-79.232336999990565,38.709631999776377],[-79.232337999815485,38.709678000049486],[-79.232374999625421,38.709877000326252],[-79.232541000205089,38.709949000311106],[-79.232598999931398,38.709966999945493],[-79.232720000305235,38.709982999694567],[-79.23284300032887,38.709985000276284],[-79.232963999804383,38.709973000289921],[-79.233144999554341,38.709932999853429],[-79.23326799957799,38.709898000154098],[-79.233415999716001,38.709843000191441],[-79.233556000356401,38.70977600016699],[-79.233752999999879,38.709652999676138],[-79.233880000221504,38.709588999661911],[-79.233938999772747,38.709562999661657],[-79.234204999911512,38.710062000199457],[-79.234373000141005,38.71003300020174],[-79.246903999789481,38.710325999807068],[-79.249874999725279,38.710455999728296],[-79.260515999711515,38.71090499977845],[-79.261867000321843,38.710917999886234],[-79.262523000447956,38.710846999754153],[-79.263050999629229,38.710803999669551],[-79.266857999616221,38.710140999916106],[-79.277059000284723,38.70836399970419],[-79.278052999621323,38.708272000241429],[-79.278570999655173,38.708229000009986],[-79.278840000167008,38.707907000063173],[-79.278863999558141,38.708254999794363],[-79.278912999961946,38.708500999766841],[-79.279068999597555,38.708906000049041],[-79.279119999651186,38.708998000097978],[-79.279360999675589,38.709428999726143],[-79.279404000231622,38.709520999803054],[-79.27960400024817,38.709941000082715],[-79.280251999978361,38.711307999916805],[-79.280369000154238,38.711311000032779],[-79.30700600036748,38.711731999876228],[-79.307160000353278,38.711733999708073],[-79.307312999615846,38.71173699980617],[-79.307589999625264,38.711857000123267],[-79.307765000425761,38.712173000345054],[-79.307930000282212,38.712603000204325],[-79.308044999909939,38.712506000012084],[-79.308162000085801,38.712518999828731],[-79.308167999933573,38.712543000346642],[-79.308186000375244,38.712645999907842],[-79.30833000031528,38.712637999981261],[-79.309019000053368,38.712622000125421],[-79.309251999681877,38.71262699999312],[-79.309664000308828,38.712625999739267],[-79.310069000364791,38.712633000114344],[-79.310532000147077,38.712656999893007],[-79.310662999668324,38.712655000087032],[-79.310717999919902,38.71265399983352],[-79.310834000270859,38.712636000174705],[-79.311076000120181,38.712565999900832],[-79.311491000221878,38.712409999945173],[-79.311781999576723,38.712351000183254],[-79.311883999683957,38.712343000223669],[-79.311964999874817,38.712351999740044],[-79.312004000232875,38.712354999812206],[-79.312210000097195,38.712409999945173],[-79.312471000213094,38.712509000077837],[-79.312748000222541,38.712664000265036],[-79.313010000163345,38.712845000334163],[-79.313096000377087,38.712892000191957],[-79.313132000362089,38.71291200028611],[-79.31334200042437,38.713027999740625],[-79.313560999809184,38.713168000015905],[-79.313687000205888,38.713271000078414],[-79.313781999742119,38.713410999877787],[-79.313953000344654,38.713621000114188],[-79.314127000421934,38.713792999828151],[-79.314240000399835,38.713883999660219],[-79.314391999837483,38.714006000347062],[-79.314694999786184,38.714261000133483],[-79.315036000268051,38.714537000279094],[-79.315349000262486,38.714767000287232],[-79.315611000203319,38.714975999823537],[-79.315834999610971,38.715185000150562],[-79.316024999581771,38.715325999921966],[-79.316231000344416,38.715454000134812],[-79.31641899976708,38.715572000095101],[-79.316523000422464,38.715638000082947],[-79.316796000233936,38.715829999828586],[-79.317011000319098,38.715991999869892],[-79.317176000175536,38.716124999914946],[-79.317568999637615,38.716474999994404],[-79.317768999654149,38.716624999704095],[-79.317798999791378,38.716648000047591],[-79.318135000250365,38.716824999761855],[-79.318383999772379,38.716918000327055],[-79.318628999994772,38.716997000176995],[-79.318915000225047,38.717144000321873],[-79.31904800029443,38.717269000216781],[-79.319075000058604,38.717300999947248],[-79.319473000441874,38.717763000022913],[-79.3194900001603,38.717780000311585],[-79.319777000215467,38.71807799989147],[-79.320066999745393,38.718391000127966],[-79.320412000425222,38.718691999770023],[-79.320696999932252,38.718947999825552],[-79.320923999712946,38.719114999923349],[-79.320978999964552,38.719143000279253],[-79.321202000445624,38.719256999812849],[-79.321380999647459,38.719375999961947],[-79.321492999800441,38.719474000100895],[-79.321594000082783,38.719582999725723],[-79.321865000244443,38.720128000262143],[-79.321983000245226,38.720318999714806],[-79.322267999752256,38.720745999910761],[-79.322323999828754,38.720844000273694],[-79.322429000309043,38.721108000010496],[-79.322528999868155,38.721321999888488],[-79.322675000356341,38.721503999889663],[-79.322795999831854,38.721589999775148],[-79.322918999855517,38.72167500013073],[-79.323078999689073,38.721726999721291],[-79.323316000413854,38.721765000314626],[-79.32369700018036,38.721781000226407],[-79.323927000334137,38.721803000186874],[-79.324128000175577,38.721834999989895],[-79.324395999964196,38.721905000297426],[-79.324524000010712,38.721931000013747],[-79.324697000263072,38.721966000129093],[-79.325030000348988,38.722024999663958],[-79.325355000039011,38.722055999946434],[-79.325677000254288,38.722117000350032],[-79.325876000445902,38.722169000319781],[-79.326052999997927,38.72222399990968],[-79.326068999891447,38.722232000165043],[-79.326144000234535,38.722268999670057],[-79.326184000417484,38.722288999943807],[-79.326427999916646,38.722411999717281],[-79.326556999788082,38.722503999905122],[-79.326626000283369,38.722576999901349],[-79.326730000040442,38.722797000255035],[-79.326878000178453,38.723059000270453],[-79.327010000422916,38.72325899984439],[-79.327176000104274,38.723436000006025],[-79.327316999671254,38.723551999901886],[-79.327586000183089,38.723736000027166],[-79.327893000329766,38.723897000273688],[-79.32827099972323,38.724087000071918],[-79.328494000204287,38.724234999741689],[-79.328741000076505,38.724389000341802],[-79.329109000322532,38.724589999783817],[-79.329219999752297,38.724683000056039],[-79.329330000255467,38.72486000019456],[-79.32948000004329,38.72522000032324],[-79.329505999982558,38.725267999829576],[-79.329599999693897,38.725398999982666],[-79.329730000288549,38.725556999767541],[-79.329875000053505,38.725708000109258],[-79.330039000085037,38.725859000131841],[-79.330179999652032,38.725965999694786],[-79.33033299981291,38.726061999775368],[-79.33050699989019,38.726149999911151],[-79.330773000028955,38.726255999675985],[-79.331004000007653,38.726330000106138],[-79.331455999919271,38.726448999690163],[-79.331900000333277,38.72655300029507],[-79.332238000442075,38.726623000185675],[-79.332393000252779,38.726662999691904],[-79.332582000398673,38.72672399966676],[-79.332763999973537,38.726798000313032],[-79.333752000360676,38.727170999742661],[-79.334145999647674,38.727305000056262],[-79.33417800033304,38.727314999839464],[-79.334210000120095,38.72732799976577],[-79.334263999648442,38.727341999737668],[-79.33458599986372,38.72744300030476],[-79.334784000230442,38.727526999959927],[-79.334973000376323,38.727622000001524],[-79.335151999578159,38.727729999769963],[-79.335257999883382,38.727787000068574],[-79.335508999953547,38.727911000229241],[-79.335774000267421,38.728021999676201],[-79.336047000078864,38.728114999686163],[-79.336195000216875,38.728176999859194],[-79.336335999783884,38.72824999966609],[-79.336467000203442,38.728332999739941],[-79.336602999747569,38.728407000121322],[-79.336750000060661,38.728469000040896],[-79.336904000046445,38.728517000167791],[-79.337064999704936,38.728550999829331],[-79.337128000352436,38.728554999953332],[-79.337288000186007,38.728557000015229],[-79.337349000285371,38.728550999829331],[-79.337478000156807,38.728539000156729],[-79.337632999967511,38.728508999915256],[-79.337831000334219,38.728445999997888],[-79.33815199982628,38.728333999774023],[-79.338228999819165,38.728316999893615],[-79.338263000154342,38.728306000216193],[-79.338296999591236,38.728292999767035],[-79.338344000345202,38.728269000333206],[-79.338457000323118,38.728283000120719],[-79.338511999676385,38.728292999767035],[-79.338540000163789,38.728298999974648],[-79.339925000210954,38.729067999985688],[-79.34000800005164,38.729113999663845],[-79.340408999909627,38.729336000253539],[-79.340962000103602,38.729648000219278],[-79.341168999792828,38.729720999924673],[-79.341762999994671,38.729929999878472],[-79.344542000309858,38.73090799974851],[-79.345184000192276,38.731134000349172],[-79.345693999830189,38.731308999938584],[-79.348109999922229,38.732136000098969],[-79.351131000086738,38.733276999967195],[-79.351281999699466,38.733332000116434],[-79.351454999951841,38.733394999929544],[-79.351649000120588,38.733466000086068],[-79.352147000062971,38.733647000027752],[-79.37477200024982,38.74202400010622],[-79.375111000183551,38.742390000347804],[-79.375211999567568,38.741663000028872],[-79.375322999895658,38.7409029998012],[-79.375650000133817,38.739884999656745],[-79.37607000025838,38.739059999993707],[-79.377212999557898,38.738453999803433],[-79.378149999891406,38.738041000306019],[-79.378816999888173,38.737126999932464],[-79.37962899964991,38.736043999843794],[-79.380666000440854,38.73453999979791],[-79.38166300015051,38.733384000333217],[-79.382824999716604,38.732196000326176],[-79.383463000299386,38.731807000036298],[-79.383717999669187,38.730991000238213],[-79.384819999859147,38.730578000334603],[-79.385076999777098,38.730578000334603],[-79.385469000312582,38.730513000132319],[-79.385860000124822,38.73011699972448],[-79.385898999584569,38.729656000344214],[-79.385959999683948,38.729531999708307],[-79.386162000248603,38.729117999756326],[-79.386609999962275,38.728820999988677],[-79.387069000444896,38.728405000055176],[-79.387555999618314,38.727859000233309],[-79.387918999841474,38.727216999941398],[-79.3883580002326,38.726872000181842],[-79.388857999824793,38.726730000006093],[-79.389427999737194,38.726240000065353],[-79.389546999562896,38.72579900018895],[-79.389850000409908,38.725302000336406],[-79.390643999729974,38.72461200028112],[-79.391171999809572,38.724097999698039],[-79.391782999729841,38.723553000002894],[-79.392208999702191,38.723032000155442],[-79.392573999575177,38.722567000155905],[-79.393059999821986,38.721893000209512],[-79.393705999902366,38.720769000329831],[-79.39614499956059,38.718299999725794],[-79.396821999603134,38.717288999787172],[-79.397193000222202,38.71644599979463],[-79.397061999802631,38.715796999930916],[-79.397527999957958,38.715259000129898],[-79.397999000136153,38.715035000222557],[-79.398542000284365,38.714056000143245],[-79.399313000038205,38.713117000052513],[-79.399840000292897,38.712466999847102],[-79.400438999619297,38.711810000285944],[-79.401441000250145,38.711353999812481],[-79.401909999880203,38.71115399986774],[-79.402125999790272,38.71100399989249],[-79.402356999768926,38.710844000319682],[-79.403203999690774,38.710145999957319],[-79.40429400018516,38.709370999906305],[-79.405279000199258,38.708597999785468],[-79.405743999631341,38.708092999743485],[-79.405927999754354,38.707894999728019],[-79.406007000295389,38.707605999868292],[-79.406152000060345,38.707119999810828],[-79.406495000192024,38.706624000081874],[-79.407208000219541,38.705885999981945],[-79.407512999818081,38.704732000337358],[-79.407876999866161,38.704374999764291],[-79.408315000432395,38.703891000229497],[-79.408890000367649,38.703526000119759],[-79.40906500026982,38.703429000230535],[-79.409639000380182,38.703034000146559],[-79.410657999831159,38.702854999855099],[-79.411810000249815,38.702684000156886],[-79.413083999968919,38.702101999706372],[-79.414346999817354,38.701276999808869],[-79.415556999962334,38.700144999711554],[-79.416458000310854,38.698957000257451],[-79.416505999991415,38.698390999861893],[-79.417253000354137,38.697389000198015],[-79.417650000014163,38.696484000144132],[-79.417771000388001,38.69619199968831],[-79.417788999931346,38.695030000163001],[-79.417859000251539,38.694392000089145],[-79.418142999933679,38.69309199966964],[-79.418521000225439,38.692195000049054],[-79.419197000443049,38.691282999826605],[-79.419977000417731,38.69027299982978],[-79.419778000226088,38.689578000228039],[-79.419746000439048,38.689037999700375],[-79.420167000388531,38.688610000245788],[-79.420649000437365,38.688212999866799],[-79.420914999677834,38.687582999924103],[-79.421333000152572,38.686573000283175],[-79.421990999928525,38.685919000295037],[-79.422915999668163,38.685248000333537],[-79.423924000146783,38.684939999853583],[-79.425293000300442,38.684706000196357],[-79.426530000209596,38.684914999947686],[-79.42766400018661,38.685043999845149],[-79.428354999574509,38.685091999682427],[-79.429230999808667,38.685146999748504],[-79.430199000104309,38.685107000150893],[-79.430733999856599,38.684913000067034],[-79.4314939997398,38.684129999721932],[-79.431995000055224,38.683400000006962],[-79.432138999995274,38.683192000002528],[-79.432405000134054,38.68253000017841],[-79.43232999979098,38.681875999702889],[-79.43226600021687,38.681253000005896],[-79.432347000407731,38.680874000125826],[-79.432768000357214,38.680631999794564],[-79.433590999989605,38.680299999671938],[-79.434476000444576,38.679878999918785],[-79.435894999928607,38.679532000279252],[-79.437262000432455,38.678787000258282],[-79.438187999996998,38.678156000042087],[-79.438577000159412,38.677444999848916],[-79.438593999877853,38.676638999963615],[-79.438551000220158,38.676008999810421],[-79.438877999559992,38.675475999778939],[-79.439554999602493,38.674919000174839],[-79.440243000413986,38.673957000221954],[-79.440507999829535,38.673561000001875],[-79.440423000339038,38.672745000164042],[-79.440203000231023,38.671971000334281],[-79.439788000129312,38.671156000038764],[-79.439538999708986,38.670704999852973],[-79.438854999993779,38.669639000298012],[-79.438233000202828,38.668566999990347],[-79.438056999577427,38.668347999877895],[-79.438032000361389,38.667815999796311],[-79.438008999896837,38.667650000013793],[-79.438165000430772,38.667154000136797],[-79.438201000415773,38.666359000202036],[-79.438438000242243,38.666274000021922],[-79.438706000030862,38.666320000123683],[-79.439574999693974,38.666230000293424],[-79.440302999790148,38.666212000173537],[-79.441090000335805,38.665940000226705],[-79.441512999935128,38.665757999783324],[-79.44180199964012,38.66559799999802],[-79.441984999938228,38.665377000197601],[-79.442054000433501,38.665295999709535],[-79.442364000054894,38.665013000194705],[-79.442713999859265,38.664771000247832],[-79.442959000081672,38.66457300025688],[-79.443083999755132,38.664542999827923],[-79.443135999633668,38.664479999657729],[-79.443272999901012,38.664245000215004],[-79.443497000206989,38.663846000281396],[-79.443637999773998,38.663600999884977],[-79.44375499994986,38.663487000007429],[-79.443871000300817,38.663213999987484],[-79.4443840003118,38.662654000322632],[-79.445052000133487,38.661939999694724],[-79.445565999969389,38.661254999808897],[-79.446226000293464,38.660291000166239],[-79.446978999605662,38.659356999982492],[-79.44755400043924,38.658675000161779],[-79.448140000245147,38.658104999736068],[-79.448649999883088,38.657641000153127],[-79.449172000114913,38.657469000094395],[-79.449597000262344,38.65730700007736],[-79.449743999677139,38.657029999731968],[-79.449706000042283,38.65673800032269],[-79.449588000041516,38.65626199972354],[-79.449458000345174,38.655824000026684],[-79.449419999812022,38.655409999801847],[-79.449797000278878,38.654946999955932],[-79.449983999876636,38.654831999972643],[-79.450578999903399,38.654790999909572],[-79.451162000234575,38.654948999972291],[-79.451733999796787,38.654825999913534],[-79.452183000233674,38.654751000184682],[-79.452839000359802,38.654780999805034],[-79.453431999838415,38.654487999981946],[-79.454057000002393,38.654153000267236],[-79.455046000214452,38.654060999836851],[-79.455719999883911,38.654049000290506],[-79.456407999797079,38.65372400017926],[-79.456929000203985,38.653348999891641],[-79.457400000382194,38.653128999856868],[-79.457805000438142,38.652745999651195],[-79.457778999600549,38.652285000215834],[-79.457495999743344,38.651659999654385],[-79.457400000382194,38.650963000306504],[-79.457601000223647,38.650581999884011],[-79.457627999987821,38.649869999738009],[-79.457807999912873,38.649551999844419],[-79.458233999885209,38.64919300018331],[-79.458526999788177,38.648763000115267],[-79.458530000161232,38.64843100023559],[-79.45838000037341,38.648040999789707],[-79.458135999975937,38.647756999687097],[-79.458036000416826,38.647563000111184],[-79.458171999960939,38.647375999755212],[-79.458722999606763,38.647253000024108],[-79.459398999824359,38.647088999820305],[-79.461095000216176,38.646765999951207],[-79.462421999638707,38.646722000164765],[-79.463634000331822,38.646682000144175],[-79.464790000050144,38.646623000195774],[-79.465693999873395,38.646490000015007],[-79.46616300040175,38.646351000221614],[-79.466693999956092,38.646171000073409],[-79.467120999753348,38.64582900015975],[-79.467217999837729,38.645333000002331],[-79.466998999554633,38.644619999812534],[-79.466828999675315,38.64419999984321],[-79.466426000167502,38.643412999752762],[-79.466269999633568,38.642547000245919],[-79.46651300020612,38.641823000051261],[-79.466972999615351,38.64121399983491],[-79.467225000408732,38.640971000315773],[-79.467576999862928,38.640693999954316],[-79.467983999568702,38.640401000055824],[-79.468033999797413,38.640322999675021],[-79.468233999813975,38.640135000207415],[-79.468624999626215,38.63990400035059],[-79.469029999682178,38.639637000189843],[-79.469479999943957,38.639207000313021],[-79.469635999579566,38.638850999690085],[-79.46981899987766,38.638332000095943],[-79.46991400031223,38.6379410002233],[-79.470068000298028,38.637419999849342],[-79.470252000421041,38.636891999831555],[-79.470228000131598,38.636598999827484],[-79.470234999804291,38.635895999687378],[-79.470076999620531,38.635145000059872],[-79.469879000152133,38.63463599970526],[-79.46968199961033,38.634160000326006],[-79.469452000354863,38.633311999857369],[-79.469489000164799,38.632358000058638],[-79.469485999791743,38.631671000148131],[-79.469488000339879,38.631511000012402],[-79.469311999714463,38.631044000152968],[-79.469028000032324,38.630750000110133],[-79.468776999962174,38.630609999966715],[-79.468221000293482,38.630156999900045],[-79.46786700029115,38.629960999685785],[-79.467576999862928,38.629531000009599],[-79.467582999710714,38.628638999863774],[-79.467888000207552,38.628216000191493],[-79.468330999898342,38.627724999735243],[-79.468489000082087,38.627576000349649],[-79.46897000030603,38.627402000317296],[-79.469827000273597,38.627182999966827],[-79.470558999669393,38.627182999966827],[-79.470912999671711,38.627226999818539],[-79.471243000282911,38.626657999796457],[-79.471558999752077,38.626316000108176],[-79.472209000030418,38.626046999742925],[-79.472089000379825,38.626057000348503],[-79.472507999781172,38.625791999970254],[-79.473394000061063,38.625569000047818],[-79.474134999677673,38.625359999714377],[-79.475072000011195,38.625220000275242],[-79.476561999640353,38.62522600000618],[-79.477317000398983,38.624608999899543],[-79.477842000105554,38.623914000109835],[-79.477887000311384,38.623877000265423],[-79.478651000392532,38.623401999732586],[-79.479423999796197,38.623095000017855],[-79.48001799999804,38.622258999875044],[-79.480188999702278,38.621937999934076],[-79.480367999802425,38.621689999734876],[-79.480525000161251,38.621383999835373],[-79.48100899985991,38.620573000020265],[-79.481168999693494,38.619785000055963],[-79.481305000135919,38.61913499990029],[-79.482117999722561,38.61883099995022],[-79.482207000309344,38.618498000223099],[-79.481728999560133,38.616317999875925],[-79.481890999941854,38.615608000173836],[-79.48194299982039,38.615385999676896],[-79.483506999967688,38.613080000082547],[-79.484134999606425,38.611864999663453],[-79.484789999907619,38.610047000337374],[-79.48624100007703,38.606040000294598],[-79.486302000176408,38.605719999718367],[-79.486462000009965,38.605051000188574],[-79.487222999718071,38.603706999842139],[-79.487548000306404,38.603305000056807],[-79.487991999822114,38.602753000035591],[-79.488914999911927,38.60161199979558],[-79.489359000325933,38.600785000112857],[-79.489434999595588,38.600346999776612],[-79.489401000158722,38.600083000312104],[-79.488822999850413,38.599739999852524],[-79.486229000381471,38.599087000003948],[-79.485511000331073,38.598713000053337],[-79.484938000045616,38.598226000215249],[-79.484752000272792,38.598124000028172],[-79.484829000265677,38.597644000092615],[-79.485008000365823,38.59718300013121],[-79.485463999577092,38.596502000302323],[-79.485620999935932,38.596266999798104],[-79.486164000084145,38.5954559996839],[-79.487061000234704,38.595078999697932],[-79.487436999978314,38.595096000343347],[-79.487722000383698,38.594834999903092],[-79.488063999792118,38.594145999734252],[-79.487904999783467,38.593702000049085],[-79.487966999707751,38.593028000332687],[-79.488066000340268,38.59288699975837],[-79.488223999625689,38.592676999868537],[-79.488363000441183,38.592467999893209],[-79.488485999566507,38.592251999800069],[-79.488539999993193,38.592109000144774],[-79.488565999932447,38.592010999725538],[-79.488589000396999,38.591925999826692],[-79.488625000382015,38.591718000310728],[-79.488633999704518,38.591658000230346],[-79.488652000146189,38.591518000315872],[-79.488667000214804,38.591355000252022],[-79.488662000191923,38.591228999669106],[-79.488805000307067,38.590282000119871],[-79.489119999951328,38.588927999700786],[-79.489116999578286,38.588914000031885],[-79.489037999935562,38.588492999685329],[-79.488760999926129,38.588065999649402],[-79.488104999800015,38.587721000263556],[-79.485943000151195,38.586839000263431],[-79.485051000023532,38.586357000181941],[-79.484466999867436,38.585993999702389],[-79.484354999714441,38.585479999900407],[-79.484590999716005,38.585005000042017],[-79.485021999711208,38.584425999988078],[-79.48583199982312,38.583725000260891],[-79.486713999905049,38.583225999700929],[-79.487072999930248,38.582703000085822],[-79.487544000108443,38.5818659998071],[-79.487852999904931,38.581060999849974],[-79.488067999990093,38.580449999798361],[-79.488426000190373,38.580063999674941],[-79.488960000117757,38.579612999948409],[-79.489227000081442,38.579154000103131],[-79.489462000258087,38.578237000065002],[-79.489760000183921,38.577865999736055],[-79.490375000302166,38.577246000249282],[-79.490845999582021,38.57639400023082],[-79.49117500036833,38.575589000043664],[-79.491226000421946,38.575347000162317],[-79.490878000267401,38.575049999896024],[-79.49049900015072,38.574920999986624],[-79.490150999996175,38.574687999928052],[-79.489945000131854,38.573900000333424],[-79.48923799995211,38.572500000172468],[-79.488192999663553,38.570591999866032],[-79.488438999710851,38.568878000310058],[-79.489658999901579,38.567752000171168],[-79.491238999942425,38.567019999977354],[-79.493177000183564,38.56657800011272],[-79.493977000249714,38.566143999777381],[-79.494172000243381,38.565756999845711],[-79.494203000205516,38.564847999764396],[-79.494561000405824,38.5641879999393],[-79.49494100034741,38.563227000186714],[-79.496809000268343,38.562958000023229],[-79.503461999619333,38.56264099990122],[-79.504711000122384,38.563113000141136],[-79.508539000025763,38.562573000277915],[-79.509491000427886,38.563317000094919],[-79.510967999638254,38.564463999824532],[-79.51391699983273,38.565731999794757],[-79.515168999810541,38.565208999938342],[-79.518699999612991,38.565238999795298],[-79.520397999654591,38.564402999936057],[-79.522696999570741,38.564183000242075],[-79.524054000028841,38.562314999675742],[-79.524644000032723,38.562105000298779],[-79.52575200007044,38.56153100027587],[-79.526604999840075,38.56090699994531],[-79.527121000224099,38.560127999917476],[-79.527639000257963,38.559556999711432],[-79.529333999926536,38.558101000165074],[-79.531425000328539,38.556282000331919],[-79.532135999807934,38.555864999736222],[-79.532929000201392,38.555394999650595],[-79.533372999717102,38.554469000158299],[-79.533696999582205,38.554054000306145],[-79.534550000250121,38.55342900002843],[-79.536116000047258,38.552491000121563],[-79.537522000010838,38.55133899982026]]]},"properties":{"NAME":"Central district","BASENAME":"Central","GEOID":"5407190462"}}]}